
TRUNCATE TABLE
    cat_breed,
    client,
    cat,
    room,
    room_occupation,
    good,
    food,
    allergen,
    cat_allergen,
    food_allergen,
    food_preference,
    illness,
    employer,
    shelter_employer,
    shop_employer,
    stylist,
    style_service,
    beauty_salon_registration,
    doctor,
    treatment_service,
    hospital_registration,
    medical_history;

-- породы
INSERT INTO cat_breed (id, name, price) VALUES (1, 'абиссинская', 40000);
INSERT INTO cat_breed (id, name, price) VALUES (2, 'австарилийский мист', 33000);
INSERT INTO cat_breed (id, name, price) VALUES (3, 'австарилийская тиффани', 72000);
INSERT INTO cat_breed (id, name, price) VALUES (4, 'азиатская дымчатая', 61300);
INSERT INTO cat_breed (id, name, price) VALUES (5, 'азиатская табби', 9700);
INSERT INTO cat_breed (id, name, price) VALUES (6, 'акринская', 19800);
INSERT INTO cat_breed (id, name, price) VALUES (7, 'американский бобтейл ', 49600);
INSERT INTO cat_breed (id, name, price) VALUES (8, 'американская жесткошерстная', 62800);
INSERT INTO cat_breed (id, name, price) VALUES (9, 'американский керл', 16300);
INSERT INTO cat_breed (id, name, price) VALUES (10, 'американская короткошерстная', 56500);
INSERT INTO cat_breed (id, name, price) VALUES (11, 'анатолийская', 9800);
INSERT INTO cat_breed (id, name, price) VALUES (12, 'аравийский мау', 60000);
INSERT INTO cat_breed (id, name, price) VALUES (13, 'балинезийская', 16000);
INSERT INTO cat_breed (id, name, price) VALUES (14, 'бенгальская', 17900);
INSERT INTO cat_breed (id, name, price) VALUES (15, 'бирманская', 14900);
INSERT INTO cat_breed (id, name, price) VALUES (16, 'бомбейская', 40200);
INSERT INTO cat_breed (id, name, price) VALUES (17, 'бристоль', 49300);
INSERT INTO cat_breed (id, name, price) VALUES (18, 'британская длинношерстная', 31900);
INSERT INTO cat_breed (id, name, price) VALUES (19, 'британская короткошерстная', 23000);
INSERT INTO cat_breed (id, name, price) VALUES (20, 'бурмезская короткошерстная', 37100);
INSERT INTO cat_breed (id, name, price) VALUES (21, 'бурмилла', 19800);
INSERT INTO cat_breed (id, name, price) VALUES (22, 'гаванна браун', 41000);
INSERT INTO cat_breed (id, name, price) VALUES (23, 'герман рекс', 23000);
INSERT INTO cat_breed (id, name, price) VALUES (24, 'девон-рекс', 43200);
INSERT INTO cat_breed (id, name, price) VALUES (25, 'донской сфинкс', 24800);
INSERT INTO cat_breed (id, name, price) VALUES (26, 'египетская мау', 78200);
INSERT INTO cat_breed (id, name, price) VALUES (27, 'иностранная белая', 50100);
INSERT INTO cat_breed (id, name, price) VALUES (28, 'йорк', 101000);
INSERT INTO cat_breed (id, name, price) VALUES (29, 'калифорнийская сияющая', 103000);
INSERT INTO cat_breed (id, name, price) VALUES (30, 'канаани', 91000);
INSERT INTO cat_breed (id, name, price) VALUES (31, 'карельский бобтейл', 300000);
INSERT INTO cat_breed (id, name, price) VALUES (32, 'кельтская', 27900);
INSERT INTO cat_breed (id, name, price) VALUES (33, 'кимрик', 100000);
INSERT INTO cat_breed (id, name, price) VALUES (34, 'китайская ли хуа', 65000);
INSERT INTO cat_breed (id, name, price) VALUES (35, 'корат', 102000);
INSERT INTO cat_breed (id, name, price) VALUES (36, 'корниш-рекс', 28000);
INSERT INTO cat_breed (id, name, price) VALUES (37, 'курильский бобтейл', 7000);
INSERT INTO cat_breed (id, name, price) VALUES (38, 'лаперм', 5000);
INSERT INTO cat_breed (id, name, price) VALUES (39, 'мандалай', 60000);
INSERT INTO cat_breed (id, name, price) VALUES (40, 'манчкин', 18900);
INSERT INTO cat_breed (id, name, price) VALUES (41, 'мейн-кун', 34000);
INSERT INTO cat_breed (id, name, price) VALUES (42, 'меконгский бобтейл', 8000);
INSERT INTO cat_breed (id, name, price) VALUES (43, 'мэнская безхвостая', 61000);
INSERT INTO cat_breed (id, name, price) VALUES (44, 'невская маскарадная', 13000);
INSERT INTO cat_breed (id, name, price) VALUES (45, 'нибелунг', 42000);
INSERT INTO cat_breed (id, name, price) VALUES (46, 'норвежская лесная', 37000);
INSERT INTO cat_breed (id, name, price) VALUES (47, 'ориентальная короткошерстная', 47800);
INSERT INTO cat_breed (id, name, price) VALUES (48, 'охос азулес', 50000);
INSERT INTO cat_breed (id, name, price) VALUES (49, 'оцикет', 61000);
INSERT INTO cat_breed (id, name, price) VALUES (50, 'персидская', 14000);
INSERT INTO cat_breed (id, name, price) VALUES (51, 'петерболд', 23900);
INSERT INTO cat_breed (id, name, price) VALUES (52, 'пиксибоб', 67000);
INSERT INTO cat_breed (id, name, price) VALUES (53, 'пуделькэт', 103000);
INSERT INTO cat_breed (id, name, price) VALUES (54, 'рагамаффин', 81000);
INSERT INTO cat_breed (id, name, price) VALUES (55, 'русская голубая', 26900);
INSERT INTO cat_breed (id, name, price) VALUES (56, 'рэгдолл', 21000);
INSERT INTO cat_breed (id, name, price) VALUES (57, 'саванна', 121000);
INSERT INTO cat_breed (id, name, price) VALUES (58, 'селкирк-рекс', 31000);
INSERT INTO cat_breed (id, name, price) VALUES (59, 'серенгети', 35700);
INSERT INTO cat_breed (id, name, price) VALUES (60, 'сиамская', 6700);
INSERT INTO cat_breed (id, name, price) VALUES (61, 'сибирская', 16700);
INSERT INTO cat_breed (id, name, price) VALUES (62, 'сингапура', 71000);
INSERT INTO cat_breed (id, name, price) VALUES (63, 'скоттиш страйт', 43000);
INSERT INTO cat_breed (id, name, price) VALUES (64, 'скоттиш фолд длинношерстный', 23000);
INSERT INTO cat_breed (id, name, price) VALUES (65, 'скоттиш фолд короткошерстный', 23000);
INSERT INTO cat_breed (id, name, price) VALUES (66, 'сноу-шу', 102000);
INSERT INTO cat_breed (id, name, price) VALUES (67, 'сомали', 26000);
INSERT INTO cat_breed (id, name, price) VALUES (68, 'соукок', 10400);
INSERT INTO cat_breed (id, name, price) VALUES (69, 'сфинкс', 47800);
INSERT INTO cat_breed (id, name, price) VALUES (70, 'тайская', 7000);
INSERT INTO cat_breed (id, name, price) VALUES (71, 'тиффани', 81000);
INSERT INTO cat_breed (id, name, price) VALUES (72, 'скиф-тай-той-дон', 72300);
INSERT INTO cat_breed (id, name, price) VALUES (73, 'тойгер', 69200);
INSERT INTO cat_breed (id, name, price) VALUES (74, 'тонкинская', 13000);
INSERT INTO cat_breed (id, name, price) VALUES (75, 'турецкая ангора', 7200);
INSERT INTO cat_breed (id, name, price) VALUES (76, 'турецкий ван', 100000);
INSERT INTO cat_breed (id, name, price) VALUES (77, 'уральский рекс', 27800);
INSERT INTO cat_breed (id, name, price) VALUES (78, 'уссури', 51000);
INSERT INTO cat_breed (id, name, price) VALUES (79, 'цейлонская', 104500);
INSERT INTO cat_breed (id, name, price) VALUES (80, 'чаузи', 100000);
INSERT INTO cat_breed (id, name, price) VALUES (81, 'шартез', 12300);
INSERT INTO cat_breed (id, name, price) VALUES (82, 'экзотическая короткошерстная', 56900);
INSERT INTO cat_breed (id, name, price) VALUES (83, 'яванская', 102800);
INSERT INTO cat_breed (id, name, price) VALUES (84, 'японский бобтейл', 36700);
ALTER SEQUENCE cat_breed_id_seq RESTART WITH 85;

-- клиенты
INSERT INTO client (id, name, discount) VALUES (1, 'Фортунат', 00.5);
INSERT INTO client (id, name, discount) VALUES (2, 'Сильван', 0.2);
INSERT INTO client (id, name, discount) VALUES (3, 'Илиодор', 0.15);
INSERT INTO client (id, name, discount) VALUES (4, 'Лука', 0.3);
INSERT INTO client (id, name, discount) VALUES (5, 'Адонис', 0.23);
INSERT INTO client (id, name, discount) VALUES (6, 'Кондрат', 0.34);
INSERT INTO client (id, name, discount) VALUES (7, 'Трифон', 0.1);
INSERT INTO client (id, name, discount) VALUES (8, 'Алексей', 0.25);
INSERT INTO client (id, name, discount) VALUES (9, 'Клавдий', 0.21);
INSERT INTO client (id, name, discount) VALUES (10, 'Игорь', 0.12);
INSERT INTO client (id, name, discount) VALUES (11, 'Светозар', 0.3);
INSERT INTO client (id, name, discount) VALUES (12, 'Серапион', 0.26);
INSERT INTO client (id, name, discount) VALUES (13, 'Алим', 0.16);
INSERT INTO client (id, name, discount) VALUES (14, 'Иларий', 0.32);
INSERT INTO client (id, name, discount) VALUES (15, 'Руслан', 0.21);
INSERT INTO client (id, name, discount) VALUES (16, 'Геморген', 0.07);
INSERT INTO client (id, name, discount) VALUES (17, 'Меланья', 0.34);
INSERT INTO client (id, name, discount) VALUES (18, 'Саломиия', 0.18);
INSERT INTO client (id, name, discount) VALUES (19, 'Наталья', 0.3);
INSERT INTO client (id, name, discount) VALUES (20, 'Мстислава', 0.1);
INSERT INTO client (id, name, discount) VALUES (21, 'Феодота', 0.26);
INSERT INTO client (id, name, discount) VALUES (22, 'Доминика', 0.12);
INSERT INTO client (id, name, discount) VALUES (23, 'Ангелина', 0.24);
INSERT INTO client (id, name, discount) VALUES (24, 'Параскева', 0.27);
INSERT INTO client (id, name, discount) VALUES (25, 'Артемия', 0.18);
INSERT INTO client (id, name, discount) VALUES (26, 'Таисия', 0.38);
INSERT INTO client (id, name, discount) VALUES (27, 'Эльвира', 0.24);
INSERT INTO client (id, name, discount) VALUES (28, 'Аксинья', 0.19);
INSERT INTO client (id, name, discount) VALUES (29, 'Аглая', 0.08);
INSERT INTO client (id, name, discount) VALUES (30, 'Генриетта', 0.06);
INSERT INTO client (id, name, discount) VALUES (31, 'Еликонида', 0.09);
INSERT INTO client (id, name, discount) VALUES (32, 'Лидия', 0.16);
INSERT INTO client (id, name, discount) VALUES (33, 'Онисия', 0.21);
INSERT INTO client (id, name, discount) VALUES (34, 'Руфь', 0.1);
INSERT INTO client (id, name, discount) VALUES (35, 'Степанида', 0.2);
INSERT INTO client (id, name, discount) VALUES (36, 'Осип', 0.25);
INSERT INTO client (id, name, discount) VALUES (37, 'Леонтий',0.23);
INSERT INTO client (id, name, discount) VALUES (38, 'Кассия', 0.3);
INSERT INTO client (id, name, discount) VALUES (39, 'Изольда', 0.27);
ALTER SEQUENCE client_id_seq RESTART WITH 40;

-- кошьки
INSERT INTO cat (id, name, breed_id, birthday, sex, color) VALUES (1, 'Сильвер', 55, '2005-05-03', 'M', 3879742);
INSERT INTO cat (id, name, breed_id, birthday, sex, color) VALUES (2, 'Айс-Крим', 52, '2006-02-05', 'F', 2255941);
INSERT INTO cat (id, name, breed_id, birthday, sex, color) VALUES (3, 'Даниэль', 79, '2014-05-10', 'F', 6555889);
INSERT INTO cat (id, name, breed_id, birthday, sex, color) VALUES (4, 'Еврик', 51, '2008-01-15', 'M', 5095704);
INSERT INTO cat (id, name, breed_id, birthday, sex, color) VALUES (5, 'Джокер', 63, '2012-11-21', 'M', 14281382);
INSERT INTO cat (id, name, breed_id, birthday, sex, color) VALUES (6, 'Байярд', 83, '2015-06-25', 'M', 10573630);
INSERT INTO cat (id, name, breed_id, birthday, sex, color) VALUES (7, 'Гарсон', 59, '2014-04-14', 'M', 11243112);
INSERT INTO cat (id, name, breed_id, birthday, sex, color, owner_id) VALUES (8, 'Майк', 41, '2015-10-26', 'M', 13637380, 31);
INSERT INTO cat (id, name, breed_id, birthday, sex, color) VALUES (9, 'Дак', 37, '2009-01-21', 'F', 7129286);
INSERT INTO cat (id, name, breed_id, birthday, sex, color) VALUES (10, 'Базилевс', 42, '2018-08-26', 'M', 12092146);
INSERT INTO cat (id, name, breed_id, birthday, sex, color) VALUES (11, 'Гав', 52, '2007-11-15', 'F', 3469308);
INSERT INTO cat (id, name, breed_id, birthday, sex, color) VALUES (12, 'Базилиано', 57, '2012-04-29', 'M', 6935879);
INSERT INTO cat (id, name, breed_id, birthday, sex, color) VALUES (13, 'Байдар', 53, '2011-10-23', 'F', 10729030);
INSERT INTO cat (id, name, breed_id, birthday, sex, color) VALUES (14, 'Йогурт', 63, '2008-12-19', 'F', 10269558);
INSERT INTO cat (id, name, breed_id, birthday, sex, color) VALUES (15, 'Авдон', 65, '2011-02-28', 'M', 15778870);
INSERT INTO cat (id, name, breed_id, birthday, sex, color, owner_id) VALUES (16, 'Давид', 24, '2009-09-03', 'F', 6741726, 12);
INSERT INTO cat (id, name, breed_id, birthday, sex, color) VALUES (17, 'Митяй', 2, '2014-12-05', 'F', 1991696);
INSERT INTO cat (id, name, breed_id, birthday, sex, color, owner_id) VALUES (18, 'Яшка', 10, '2020-08-21', 'M', 10010824, 22);
INSERT INTO cat (id, name, breed_id, birthday, sex, color) VALUES (19, 'Вальдо', 50, '2010-04-20', 'F', 4244800);
INSERT INTO cat (id, name, breed_id, birthday, sex, color) VALUES (20, 'Малыш', 74, '2007-03-07', 'F', 2014722);
INSERT INTO cat (id, name, breed_id, birthday, sex, color) VALUES (21, 'Симба', 5, '2015-03-26', 'M', 12345191);
INSERT INTO cat (id, name, breed_id, birthday, sex, color) VALUES (22, 'Тима', 18, '2006-08-11', 'F', 5513600);
INSERT INTO cat (id, name, breed_id, birthday, sex, color) VALUES (23, 'Валли', 38, '2012-10-02', 'F', 7258182);
INSERT INTO cat (id, name, breed_id, birthday, sex, color) VALUES (24, 'Митяй', NULL, '2017-02-22', 'M', 13090157);
INSERT INTO cat (id, name, breed_id, birthday, sex, color) VALUES (25, 'Байк', 26, '2010-10-13', 'F', 12321784);
INSERT INTO cat (id, name, breed_id, birthday, sex, color, owner_id) VALUES (26, 'Кекс', 44, '2008-06-23', 'F', 5318989, 1);
INSERT INTO cat (id, name, breed_id, birthday, sex, color) VALUES (27, 'Гамлет', 24, '2007-03-28', 'F', 2617813);
INSERT INTO cat (id, name, breed_id, birthday, sex, color) VALUES (28, 'Йосик', 49, '2006-10-13', 'F', 16408980);
INSERT INTO cat (id, name, breed_id, birthday, sex, color) VALUES (29, 'Баламут', 12, '2017-09-20', 'M', 4329360);
INSERT INTO cat (id, name, breed_id, birthday, sex, color) VALUES (30, 'Лекс', 5, '2010-07-17', 'M', 11053281);
INSERT INTO cat (id, name, breed_id, birthday, sex, color) VALUES (31, 'Абдул', 19, '2018-05-22', 'F', 7410586);
INSERT INTO cat (id, name, breed_id, birthday, sex, color, owner_id) VALUES (32, 'Сосисыч', 58, '2020-05-17', 'M', 3741947, 26);
INSERT INTO cat (id, name, breed_id, birthday, sex, color) VALUES (33, 'Миша', 49, '2011-04-17', 'M', 517425);
INSERT INTO cat (id, name, breed_id, birthday, sex, color) VALUES (34, 'Шашлык', 13, '2012-04-22', 'F', 7749789);
INSERT INTO cat (id, name, breed_id, birthday, sex, color) VALUES (35, 'Бабет', 48, '2007-10-17', 'F', 2891970);
INSERT INTO cat (id, name, breed_id, birthday, sex, color) VALUES (36, 'Мурзик', 13, '2020-10-30', 'F', 1381998);
INSERT INTO cat (id, name, breed_id, birthday, sex, color) VALUES (37, 'Йода', 24, '2005-12-25', 'F', 12637759);
INSERT INTO cat (id, name, breed_id, birthday, sex, color) VALUES (38, 'Абс', 61, '2020-11-10', 'M', 9809016);
INSERT INTO cat (id, name, breed_id, birthday, sex, color, owner_id) VALUES (39, 'Пушистик', 3, '2011-02-16', 'F', 16398650, 38);
INSERT INTO cat (id, name, breed_id, birthday, sex, color) VALUES (40, 'Абрамович', 69, '2006-11-14', 'F', 1098729);
INSERT INTO cat (id, name, breed_id, birthday, sex, color) VALUES (41, 'Бакстер', 1, '2020-01-03', 'M', 14844353);
INSERT INTO cat (id, name, breed_id, birthday, sex, color) VALUES (42, 'Валет', 56, '2012-01-01', 'M', 8077773);
INSERT INTO cat (id, name, breed_id, birthday, sex, color) VALUES (43, 'Ватсон', 28, '2018-02-19', 'F', 8702376);
INSERT INTO cat (id, name, breed_id, birthday, sex, color) VALUES (44, 'Байрам', 11, '2009-06-16', 'M', 822408);
INSERT INTO cat (id, name, breed_id, birthday, sex, color) VALUES (45, 'Ба-зу', 22, '2009-09-25', 'M', 15799733);
INSERT INTO cat (id, name, breed_id, birthday, sex, color) VALUES (46, 'Сапфир', 30, '2007-03-21', 'F', 16043477);
INSERT INTO cat (id, name, breed_id, birthday, sex, color) VALUES (47, 'Яшка', 53, '2006-11-07', 'F', 136359);
INSERT INTO cat (id, name, breed_id, birthday, sex, color, owner_id) VALUES (48, 'Шашлык', 67, '2014-02-18', 'F', 13839207, 27);
INSERT INTO cat (id, name, breed_id, birthday, sex, color, owner_id) VALUES (49, 'Бося', 48, '2012-03-08', 'M', 15247245, 27);
INSERT INTO cat (id, name, breed_id, birthday, sex, color) VALUES (50, 'Зефир', 45, '2018-04-17', 'F', 4758866);
INSERT INTO cat (id, name, breed_id, birthday, sex, color) VALUES (51, 'Байярд', 73, '2017-11-11', 'M', 4289529);
INSERT INTO cat (id, name, breed_id, birthday, sex, color) VALUES (52, 'Живчик', NULL, '2020-05-06', 'M', 13621663);
INSERT INTO cat (id, name, breed_id, birthday, sex, color) VALUES (53, 'Абис', 84, '2018-12-30', 'F', 15423646);
INSERT INTO cat (id, name, breed_id, birthday, sex, color) VALUES (54, 'Ватсон', 48, '2012-07-11', 'F', 16371288);
INSERT INTO cat (id, name, breed_id, birthday, sex, color) VALUES (55, 'Снежок', 83, '2008-11-10', 'F', 14861351);
INSERT INTO cat (id, name, breed_id, birthday, sex, color) VALUES (56, 'Бабстер', 66, '2011-01-20', 'F', 8950291);
INSERT INTO cat (id, name, breed_id, birthday, sex, color) VALUES (57, 'Макс', 74, '2011-02-20', 'F', 11300505);
INSERT INTO cat (id, name, breed_id, birthday, sex, color) VALUES (58, 'Ерошка', 78, '2014-12-18', 'F', 2711640);
INSERT INTO cat (id, name, breed_id, birthday, sex, color, owner_id) VALUES (59, 'Женя', 63, '2009-05-21', 'F', 14329006, 5);
INSERT INTO cat (id, name, breed_id, birthday, sex, color) VALUES (60, 'Адидас', 36, '2013-09-01', 'F', 13988928);
INSERT INTO cat (id, name, breed_id, birthday, sex, color) VALUES (61, 'Джек Воробей', 33, '2019-12-28', 'F', 11319430);
INSERT INTO cat (id, name, breed_id, birthday, sex, color) VALUES (62, 'Йосик', 33, '2011-05-08', 'M', 11064212);
INSERT INTO cat (id, name, breed_id, birthday, sex, color) VALUES (63, 'Убийца мышей', 44, '2016-07-31', 'F', 13537035);
INSERT INTO cat (id, name, breed_id, birthday, sex, color, owner_id) VALUES (64, 'Йогурт', 6, '2017-01-08', 'M', 5699214, 14);
INSERT INTO cat (id, name, breed_id, birthday, sex, color) VALUES (65, 'Марсик', 8, '2018-05-28', 'M', 3282522);
INSERT INTO cat (id, name, breed_id, birthday, sex, color) VALUES (66, 'Баггер', NULL, '2017-12-20', 'F', 15687437);
INSERT INTO cat (id, name, breed_id, birthday, sex, color) VALUES (67, 'Азазелло', 26, '2012-12-29', 'M', 7828512);
INSERT INTO cat (id, name, breed_id, birthday, sex, color) VALUES (68, 'Егор', 37, '2014-08-17', 'M', 16387093);
INSERT INTO cat (id, name, breed_id, birthday, sex, color) VALUES (69, 'Крис', 21, '2011-12-05', 'M', 8802675);
INSERT INTO cat (id, name, breed_id, birthday, sex, color) VALUES (70, 'Валера', 41, '2017-05-17', 'M', 7274556);
INSERT INTO cat (id, name, breed_id, birthday, sex, color) VALUES (71, 'Бабет', 35, '2007-12-16', 'F', 11965253);
INSERT INTO cat (id, name, breed_id, birthday, sex, color) VALUES (72, 'Сёма', 42, '2017-05-07', 'M', 14818508);
INSERT INTO cat (id, name, breed_id, birthday, sex, color) VALUES (73, 'Бак', 18, '2010-01-10', 'F', 6241349);
INSERT INTO cat (id, name, breed_id, birthday, sex, color) VALUES (74, 'Ватсон', 65, '2013-04-21', 'F', 8548246);
INSERT INTO cat (id, name, breed_id, birthday, sex, color) VALUES (75, 'Байт', 56, '2015-01-18', 'F', 16560181);
INSERT INTO cat (id, name, breed_id, birthday, sex, color) VALUES (76, 'Айс', 25, '2009-09-10', 'F', 1983814);
INSERT INTO cat (id, name, breed_id, birthday, sex, color, owner_id) VALUES (77, 'Байдар', 30, '2012-12-01', 'M', 10089988, 33);
INSERT INTO cat (id, name, breed_id, birthday, sex, color) VALUES (78, 'Авгит', 20, '2017-02-02', 'F', 3916692);
INSERT INTO cat (id, name, breed_id, birthday, sex, color) VALUES (79, 'Томас', 59, '2016-04-26', 'F', 9403771);
INSERT INTO cat (id, name, breed_id, birthday, sex, color) VALUES (80, 'Оззи', 84, '2010-10-10', 'M', 5704359);
INSERT INTO cat (id, name, breed_id, birthday, sex, color) VALUES (81, 'Басик', 43, '2016-10-18', 'M', 6446259);
INSERT INTO cat (id, name, breed_id, birthday, sex, color) VALUES (82, 'Дымка', 64, '2016-02-03', 'F', 6392160);
INSERT INTO cat (id, name, breed_id, birthday, sex, color) VALUES (83, 'Гоша', 15, '2020-07-06', 'M', 7048774);
INSERT INTO cat (id, name, breed_id, birthday, sex, color) VALUES (84, 'Ральф', 56, '2014-07-05', 'F', 7962141);
INSERT INTO cat (id, name, breed_id, birthday, sex, color) VALUES (85, 'Микки', 27, '2006-07-19', 'F', 2246262);
INSERT INTO cat (id, name, breed_id, birthday, sex, color) VALUES (86, 'Тишка', 3, '2009-05-23', 'F', 5371072);
INSERT INTO cat (id, name, breed_id, birthday, sex, color) VALUES (87, 'Авалон', 3, '2007-07-29', 'M', 4026530);
INSERT INTO cat (id, name, breed_id, birthday, sex, color, owner_id) VALUES (88, 'Саймон', 11, '2019-08-05', 'M', 4246393, 10);
INSERT INTO cat (id, name, breed_id, birthday, sex, color) VALUES (89, 'Або', 36, '2013-04-30', 'F', 16522011);
INSERT INTO cat (id, name, breed_id, birthday, sex, color) VALUES (90, 'Абрамович', 50, '2016-05-09', 'F', 4218057);
INSERT INTO cat (id, name, breed_id, birthday, sex, color) VALUES (91, 'Багет', 46, '2016-06-01', 'F', 1420131);
INSERT INTO cat (id, name, breed_id, birthday, sex, color, owner_id) VALUES (92, 'Гарольд', 67, '2006-05-14', 'F', 1778332, 13);
INSERT INTO cat (id, name, breed_id, birthday, sex, color) VALUES (93, 'Барсик', 67, '2013-06-03', 'M', 11457540);
INSERT INTO cat (id, name, breed_id, birthday, sex, color) VALUES (94, 'Тиша', 72, '2009-10-12', 'M', 14295017);
INSERT INTO cat (id, name, breed_id, birthday, sex, color) VALUES (95, 'Граф', 73, '2014-04-18', 'F', 302178);
INSERT INTO cat (id, name, breed_id, birthday, sex, color) VALUES (96, 'Авгит', 49, '2018-10-17', 'M', 2591952);
INSERT INTO cat (id, name, breed_id, birthday, sex, color) VALUES (97, 'Абрек', 73, '2008-02-28', 'F', 4272037);
INSERT INTO cat (id, name, breed_id, birthday, sex, color) VALUES (98, 'Барон', 58, '2018-08-28', 'F', 5098264);
INSERT INTO cat (id, name, breed_id, birthday, sex, color) VALUES (99, 'Симка', 43, '2018-05-06', 'M', 5116665);
INSERT INTO cat (id, name, breed_id, birthday, sex, color) VALUES (100, 'Байбурт', 36, '2020-01-21', 'M', 4722706);
INSERT INTO cat (id, name, breed_id, birthday, sex, color) VALUES (101, 'Бабник', 29, '2014-05-28', 'M', 5869574);
INSERT INTO cat (id, name, breed_id, birthday, sex, color, owner_id) VALUES (102, 'Валькер', 59, '2006-02-28', 'F', 11374903, 8);
INSERT INTO cat (id, name, breed_id, birthday, sex, color) VALUES (103, 'Джек Воробей', 77, '2007-05-20', 'F', 12941170);
INSERT INTO cat (id, name, breed_id, birthday, sex, color) VALUES (104, 'Рыжик', 10, '2017-02-20', 'F', 9953523);
INSERT INTO cat (id, name, breed_id, birthday, sex, color) VALUES (105, 'Валентин', 9, '2016-11-30', 'M', 13562438);
INSERT INTO cat (id, name, breed_id, birthday, sex, color) VALUES (106, 'Байбурт', 37, '2011-12-27', 'F', 3913032);
INSERT INTO cat (id, name, breed_id, birthday, sex, color) VALUES (107, 'Адольф', 75, '2005-12-09', 'M', 8126840);
INSERT INTO cat (id, name, breed_id, birthday, sex, color) VALUES (108, 'Патрик', 49, '2008-05-26', 'F', 3680377);
INSERT INTO cat (id, name, breed_id, birthday, sex, color) VALUES (109, 'Убийца мышей', 48, '2010-01-28', 'M', 342154);
INSERT INTO cat (id, name, breed_id, birthday, sex, color) VALUES (110, 'Вакх', 30, '2006-02-16', 'M', 14255906);
INSERT INTO cat (id, name, breed_id, birthday, sex, color) VALUES (111, 'Оскар', 71, '2012-01-05', 'F', 13869013);
INSERT INTO cat (id, name, breed_id, birthday, sex, color, owner_id) VALUES (112, 'Рич', 30, '2015-05-28', 'F', 14126685, 18);
INSERT INTO cat (id, name, breed_id, birthday, sex, color) VALUES (113, 'Лео', 62, '2012-05-13', 'F', 9130289);
INSERT INTO cat (id, name, breed_id, birthday, sex, color) VALUES (114, 'Базилион', 30, '2015-06-01', 'M', 3768328);
INSERT INTO cat (id, name, breed_id, birthday, sex, color) VALUES (115, 'Гав', 34, '2006-07-11', 'F', 4137843);
INSERT INTO cat (id, name, breed_id, birthday, sex, color) VALUES (116, 'Тиша', 22, '2009-01-15', 'F', 7329802);
INSERT INTO cat (id, name, breed_id, birthday, sex, color) VALUES (117, 'Лаки', 3, '2014-07-31', 'M', 6366554);
INSERT INTO cat (id, name, breed_id, birthday, sex, color, owner_id) VALUES (118, 'Вискас', 13, '2009-02-21', 'F', 13448279, 36);
INSERT INTO cat (id, name, breed_id, birthday, sex, color) VALUES (119, 'Миша', 23, '2014-02-24', 'M', 4798600);
INSERT INTO cat (id, name, breed_id, birthday, sex, color) VALUES (120, 'Микки', 24, '2009-08-26', 'F', 5170232);
INSERT INTO cat (id, name, breed_id, birthday, sex, color) VALUES (121, 'Персик', 81, '2007-11-11', 'F', 16235540);
INSERT INTO cat (id, name, breed_id, birthday, sex, color) VALUES (122, 'Малыш', 78, '2015-01-08', 'F', 11634855);
INSERT INTO cat (id, name, breed_id, birthday, sex, color) VALUES (123, 'Бабасик', 15, '2017-05-04', 'F', 1569985);
INSERT INTO cat (id, name, breed_id, birthday, sex, color, owner_id) VALUES (124, 'Мажор', 68, '2012-12-07', 'F', 3387570, 20);
INSERT INTO cat (id, name, breed_id, birthday, sex, color) VALUES (125, 'Базан', 4, '2012-01-15', 'F', 16758853);
INSERT INTO cat (id, name, breed_id, birthday, sex, color) VALUES (126, 'Барсик', 41, '2016-05-25', 'F', 9365170);
INSERT INTO cat (id, name, breed_id, birthday, sex, color) VALUES (127, 'Гангстер', 40, '2013-06-06', 'F', 14882502);
INSERT INTO cat (id, name, breed_id, birthday, sex, color) VALUES (128, 'Риччи', 30, '2016-07-19', 'M', 14889538);
INSERT INTO cat (id, name, breed_id, birthday, sex, color) VALUES (129, 'Пушистик', 14, '2014-08-21', 'F', 13093879);
INSERT INTO cat (id, name, breed_id, birthday, sex, color) VALUES (130, 'Валли', 51, '2008-08-03', 'F', 7304342);
INSERT INTO cat (id, name, breed_id, birthday, sex, color) VALUES (131, 'Лекс', 57, '2008-10-19', 'M', 6991789);
INSERT INTO cat (id, name, breed_id, birthday, sex, color, owner_id) VALUES (132, 'Джек Воробей', 58, '2008-12-07', 'M', 4689961, 14);
INSERT INTO cat (id, name, breed_id, birthday, sex, color) VALUES (133, 'Веня', 14, '2014-07-23', 'F', 6571953);
INSERT INTO cat (id, name, breed_id, birthday, sex, color) VALUES (134, 'Еврасик', 67, '2016-12-24', 'F', 10844652);
INSERT INTO cat (id, name, breed_id, birthday, sex, color) VALUES (135, 'Укроп', 1, '2020-06-08', 'F', 1010930);
INSERT INTO cat (id, name, breed_id, birthday, sex, color) VALUES (136, 'Маркиз', 38, '2019-02-08', 'M', 8256011);
INSERT INTO cat (id, name, breed_id, birthday, sex, color, owner_id) VALUES (137, 'Лексус', 28, '2019-04-20', 'F', 377114, 4);
INSERT INTO cat (id, name, breed_id, birthday, sex, color) VALUES (138, 'Бальтазар', 57, '2019-02-26', 'F', 6824699);
INSERT INTO cat (id, name, breed_id, birthday, sex, color) VALUES (139, 'Тима', 52, '2010-12-12', 'F', 3767268);
INSERT INTO cat (id, name, breed_id, birthday, sex, color) VALUES (140, 'Вася', 2, '2010-06-13', 'F', 2045488);
INSERT INTO cat (id, name, breed_id, birthday, sex, color) VALUES (141, 'Шустрик', 16, '2010-11-21', 'F', 7424994);
INSERT INTO cat (id, name, breed_id, birthday, sex, color) VALUES (142, 'Байард', 77, '2020-07-19', 'M', 9644369);
INSERT INTO cat (id, name, breed_id, birthday, sex, color) VALUES (143, 'Августин', 27, '2017-12-13', 'F', 13392742);
INSERT INTO cat (id, name, breed_id, birthday, sex, color, owner_id) VALUES (144, 'Кеша', 73, '2012-04-19', 'F', 3688707, 34);
INSERT INTO cat (id, name, breed_id, birthday, sex, color) VALUES (145, 'Валера', 74, '2010-02-15', 'F', 2484561);
INSERT INTO cat (id, name, breed_id, birthday, sex, color) VALUES (146, 'Оптимус Прайм', 80, '2018-05-20', 'M', 2951667);
INSERT INTO cat (id, name, breed_id, birthday, sex, color) VALUES (147, 'Адам', 16, '2020-03-02', 'M', 11350385);
INSERT INTO cat (id, name, breed_id, birthday, sex, color) VALUES (148, 'Вальдемар', 59, '2017-09-04', 'M', 4818283);
INSERT INTO cat (id, name, breed_id, birthday, sex, color) VALUES (149, 'Абус', 61, '2018-09-06', 'F', 70513);
INSERT INTO cat (id, name, breed_id, birthday, sex, color) VALUES (150, 'Тимон', 52, '2015-02-04', 'F', 1093782);
INSERT INTO cat (id, name, breed_id, birthday, sex, color) VALUES (151, 'Вафлик', 81, '2015-06-08', 'F', 5838550);
INSERT INTO cat (id, name, breed_id, birthday, sex, color) VALUES (152, 'Бабник', 52, '2007-03-13', 'F', 1518131);
INSERT INTO cat (id, name, breed_id, birthday, sex, color) VALUES (153, 'Дак', 26, '2015-09-13', 'F', 14264280);
INSERT INTO cat (id, name, breed_id, birthday, sex, color) VALUES (154, 'Дарт Вейдер', 71, '2009-11-15', 'F', 9065010);
INSERT INTO cat (id, name, breed_id, birthday, sex, color, owner_id) VALUES (155, 'Баффи', 29, '2006-09-17', 'M', 12479144, 29);
INSERT INTO cat (id, name, breed_id, birthday, sex, color) VALUES (156, 'Ганжубас', 17, '2016-08-29', 'F', 1447751);
INSERT INTO cat (id, name, breed_id, birthday, sex, color) VALUES (157, 'Байярд', 43, '2013-01-04', 'F', 1760560);
INSERT INTO cat (id, name, breed_id, birthday, sex, color) VALUES (158, 'Изюмчик', 84, '2009-09-13', 'M', 5001896);
INSERT INTO cat (id, name, breed_id, birthday, sex, color) VALUES (159, 'Оззи', 49, '2020-03-03', 'F', 14784677);
INSERT INTO cat (id, name, breed_id, birthday, sex, color) VALUES (160, 'Сеня', 72, '2018-02-22', 'F', 15712008);
INSERT INTO cat (id, name, breed_id, birthday, sex, color) VALUES (161, 'Валерьян', 65, '2012-11-06', 'F', 3751492);
INSERT INTO cat (id, name, breed_id, birthday, sex, color) VALUES (162, 'Абакан', 8, '2018-05-28', 'M', 15860515);
INSERT INTO cat (id, name, breed_id, birthday, sex, color) VALUES (163, 'Тимоша', 42, '2007-03-18', 'F', 10073443);
INSERT INTO cat (id, name, breed_id, birthday, sex, color, owner_id) VALUES (164, 'Бенджамин', 46, '2019-08-23', 'F', 3082419, 7);
INSERT INTO cat (id, name, breed_id, birthday, sex, color) VALUES (165, 'Бабай', 74, '2017-06-26', 'F', 5939774);
INSERT INTO cat (id, name, breed_id, birthday, sex, color) VALUES (166, 'Снежок', 20, '2008-07-31', 'F', 4628792);
INSERT INTO cat (id, name, breed_id, birthday, sex, color) VALUES (167, 'Василий', 60, '2018-01-15', 'M', 8441174);
INSERT INTO cat (id, name, breed_id, birthday, sex, color) VALUES (168, 'Бурбузяка Жабс', 7, '2012-11-18', 'F', 16034339);
INSERT INTO cat (id, name, breed_id, birthday, sex, color) VALUES (169, 'Акакий', 75, '2016-02-12', 'M', 5597734);
INSERT INTO cat (id, name, breed_id, birthday, sex, color) VALUES (170, 'Мурзик', 44, '2013-06-25', 'F', 16271318);
INSERT INTO cat (id, name, breed_id, birthday, sex, color) VALUES (171, 'Бенджамен', 41, '2018-01-13', 'F', 7451969);
INSERT INTO cat (id, name, breed_id, birthday, sex, color) VALUES (172, 'Валькер', 16, '2016-11-26', 'F', 1061688);
INSERT INTO cat (id, name, breed_id, birthday, sex, color) VALUES (173, 'Гаврюша', 40, '2015-05-27', 'M', 4023952);
INSERT INTO cat (id, name, breed_id, birthday, sex, color) VALUES (174, 'Айс-Крим', 63, '2015-03-27', 'F', 5152933);
INSERT INTO cat (id, name, breed_id, birthday, sex, color) VALUES (175, 'Дымок', 56, '2006-04-17', 'F', 13941321);
INSERT INTO cat (id, name, breed_id, birthday, sex, color) VALUES (176, 'Живчик', 8, '2011-10-27', 'M', 13669490);
INSERT INTO cat (id, name, breed_id, birthday, sex, color) VALUES (177, 'Саймон', 66, '2007-01-17', 'M', 5890341);
INSERT INTO cat (id, name, breed_id, birthday, sex, color) VALUES (178, 'Кайзер', 84, '2008-01-23', 'F', 4428913);
INSERT INTO cat (id, name, breed_id, birthday, sex, color, owner_id) VALUES (179, 'Кексик', 39, '2007-05-03', 'F', 819235, 24);
INSERT INTO cat (id, name, breed_id, birthday, sex, color) VALUES (180, 'Байярд', 25, '2015-10-25', 'M', 172147);
INSERT INTO cat (id, name, breed_id, birthday, sex, color) VALUES (181, 'Малыш', 47, '2009-07-16', 'F', 14180198);
INSERT INTO cat (id, name, breed_id, birthday, sex, color) VALUES (182, 'Габриэль', 26, '2009-03-31', 'F', 1094059);
INSERT INTO cat (id, name, breed_id, birthday, sex, color) VALUES (183, 'Мурзик', 57, '2017-01-17', 'M', 11635707);
INSERT INTO cat (id, name, breed_id, birthday, sex, color) VALUES (184, 'Мажор', 64, '2009-12-08', 'F', 4212047);
INSERT INTO cat (id, name, breed_id, birthday, sex, color) VALUES (185, 'Абар', 4, '2015-09-10', 'M', 1816747);
INSERT INTO cat (id, name, breed_id, birthday, sex, color) VALUES (186, 'Тимоша', 77, '2010-07-18', 'M', 12801385);
INSERT INTO cat (id, name, breed_id, birthday, sex, color) VALUES (187, 'Беня', 76, '2015-02-24', 'F', 7330899);
INSERT INTO cat (id, name, breed_id, birthday, sex, color) VALUES (188, 'Маврик', 20, '2009-12-14', 'F', 2589119);
INSERT INTO cat (id, name, breed_id, birthday, sex, color) VALUES (189, 'Жиган', 14, '2019-11-13', 'F', 10738083);
INSERT INTO cat (id, name, breed_id, birthday, sex, color, owner_id) VALUES (190, 'Абур', 13, '2009-06-20', 'F', 12743847, 28);
INSERT INTO cat (id, name, breed_id, birthday, sex, color) VALUES (191, 'Крис', 74, '2017-08-22', 'M', 227962);
INSERT INTO cat (id, name, breed_id, birthday, sex, color) VALUES (192, 'Паштет', 61, '2015-09-05', 'F', 4328439);
INSERT INTO cat (id, name, breed_id, birthday, sex, color) VALUES (193, 'Греси Ройс Хорес', 32, '2012-09-22', 'F', 15564418);
INSERT INTO cat (id, name, breed_id, birthday, sex, color) VALUES (194, 'Аванти', 67, '2010-02-21', 'F', 9292406);
INSERT INTO cat (id, name, breed_id, birthday, sex, color) VALUES (195, 'Сникерс', 80, '2010-10-10', 'F', 7590826);
INSERT INTO cat (id, name, breed_id, birthday, sex, color, owner_id) VALUES (196, 'Лаваш', 7, '2014-12-05', 'M', 11938615, 2);
INSERT INTO cat (id, name, breed_id, birthday, sex, color) VALUES (197, 'Сэм', 49, '2018-01-22', 'F', 6982369);
INSERT INTO cat (id, name, breed_id, birthday, sex, color) VALUES (198, 'Лексус', 77, '2019-10-26', 'F', 15985065);
INSERT INTO cat (id, name, breed_id, birthday, sex, color) VALUES (199, 'Ван Гог', 75, '2010-12-24', 'F', 13408606);
INSERT INTO cat (id, name, breed_id, birthday, sex, color) VALUES (200, 'Чувак', 35, '2018-08-28', 'F', 1366485);
INSERT INTO cat (id, name, breed_id, birthday, sex, color) VALUES (201, 'Персик', 57, '2008-08-16', 'F', 10096887);
INSERT INTO cat (id, name, breed_id, birthday, sex, color) VALUES (202, 'Боня', 83, '2015-08-02', 'F', 1327180);
INSERT INTO cat (id, name, breed_id, birthday, sex, color, owner_id) VALUES (203, 'Абилен', 76, '2015-01-31', 'F', 6830284, 3);
INSERT INTO cat (id, name, breed_id, birthday, sex, color) VALUES (204, 'Оззи', 69, '2012-10-25', 'F', 2375004);
INSERT INTO cat (id, name, breed_id, birthday, sex, color) VALUES (205, 'Абис', 47, '2012-03-10', 'M', 7484926);
INSERT INTO cat (id, name, breed_id, birthday, sex, color) VALUES (206, 'Йогурт', 83, '2007-08-26', 'F', 3894278);
INSERT INTO cat (id, name, breed_id, birthday, sex, color) VALUES (207, 'Багор', 73, '2020-06-28', 'M', 5649227);
INSERT INTO cat (id, name, breed_id, birthday, sex, color) VALUES (208, 'Данателло', 68, '2019-11-22', 'M', 14086010);
INSERT INTO cat (id, name, breed_id, birthday, sex, color) VALUES (209, 'Абель', 58, '2016-08-06', 'F', 11102451);
INSERT INTO cat (id, name, breed_id, birthday, sex, color) VALUES (210, 'Жужа', 73, '2016-06-01', 'F', 166051);
INSERT INTO cat (id, name, breed_id, birthday, sex, color) VALUES (211, 'Мася', 38, '2011-08-08', 'M', 1525984);
INSERT INTO cat (id, name, breed_id, birthday, sex, color) VALUES (212, 'Глюк', 63, '2007-10-06', 'F', 3979090);
INSERT INTO cat (id, name, breed_id, birthday, sex, color) VALUES (213, 'Абрантес', 54, '2006-09-07', 'F', 14302214);
INSERT INTO cat (id, name, breed_id, birthday, sex, color) VALUES (214, 'Укроп', 41, '2010-07-07', 'F', 12338712);
INSERT INTO cat (id, name, breed_id, birthday, sex, color) VALUES (215, 'Валентин', 58, '2005-12-01', 'M', 8687339);
INSERT INTO cat (id, name, breed_id, birthday, sex, color) VALUES (216, 'Дар', 21, '2013-12-24', 'F', 9306373);
INSERT INTO cat (id, name, breed_id, birthday, sex, color) VALUES (217, 'Гаврик', 5, '2007-09-19', 'F', 194959);
INSERT INTO cat (id, name, breed_id, birthday, sex, color) VALUES (218, 'Бак', 1, '2008-09-04', 'F', 7272257);
INSERT INTO cat (id, name, breed_id, birthday, sex, color, owner_id) VALUES (219, 'Базальт', 8, '2006-12-30', 'M', 6292796, 4);
INSERT INTO cat (id, name, breed_id, birthday, sex, color) VALUES (220, 'Вегас', 55, '2011-02-20', 'F', 16306492);
INSERT INTO cat (id, name, breed_id, birthday, sex, color) VALUES (221, 'Даниэль', 4, '2018-01-03', 'F', 7914098);
INSERT INTO cat (id, name, breed_id, birthday, sex, color) VALUES (222, 'Ебони', 54, '2016-08-11', 'M', 3721483);
INSERT INTO cat (id, name, breed_id, birthday, sex, color) VALUES (223, 'Базил', 71, '2018-04-11', 'F', 2586790);
INSERT INTO cat (id, name, breed_id, birthday, sex, color) VALUES (224, 'Люцифер', 2, '2010-02-01', 'M', 10867417);
INSERT INTO cat (id, name, breed_id, birthday, sex, color) VALUES (225, 'Авдон', 13, '2016-11-05', 'F', 8413206);
INSERT INTO cat (id, name, breed_id, birthday, sex, color) VALUES (226, 'Жопкинс', 42, '2015-01-22', 'M', 8517870);
INSERT INTO cat (id, name, breed_id, birthday, sex, color) VALUES (227, 'Греси Ройс Хорес', 52, '2020-05-02', 'F', 16238555);
INSERT INTO cat (id, name, breed_id, birthday, sex, color) VALUES (228, 'Чувак', 19, '2012-08-27', 'F', 6477813);
INSERT INTO cat (id, name, breed_id, birthday, sex, color) VALUES (229, 'Гаврик', 71, '2011-05-24', 'F', 11663026);
INSERT INTO cat (id, name, breed_id, birthday, sex, color) VALUES (230, 'Живчик', 27, '2011-09-08', 'M', 10146474);
INSERT INTO cat (id, name, breed_id, birthday, sex, color) VALUES (231, 'Гарольд', 7, '2017-08-08', 'F', 2748575);
INSERT INTO cat (id, name, breed_id, birthday, sex, color, owner_id) VALUES (232, 'Беня', NULL, '2013-04-29', 'M', 12073684, 25);
INSERT INTO cat (id, name, breed_id, birthday, sex, color) VALUES (233, 'Багор', 30, '2017-01-08', 'F', 14706720);
INSERT INTO cat (id, name, breed_id, birthday, sex, color) VALUES (234, 'Бабстер', 39, '2019-09-15', 'F', 16253081);
INSERT INTO cat (id, name, breed_id, birthday, sex, color) VALUES (235, 'Ярик', 75, '2018-08-09', 'M', 4278109);
INSERT INTO cat (id, name, breed_id, birthday, sex, color) VALUES (236, 'Абдул', 33, '2014-12-26', 'F', 13378498);
INSERT INTO cat (id, name, breed_id, birthday, sex, color) VALUES (237, 'Лаваш', 83, '2013-12-11', 'M', 5717100);
INSERT INTO cat (id, name, breed_id, birthday, sex, color) VALUES (238, 'Або', 30, '2016-07-13', 'F', 11437630);
INSERT INTO cat (id, name, breed_id, birthday, sex, color) VALUES (239, 'Гангстер', 15, '2005-12-23', 'F', 14598048);
INSERT INTO cat (id, name, breed_id, birthday, sex, color) VALUES (240, 'Гамлет', 8, '2012-01-31', 'F', 8677239);
INSERT INTO cat (id, name, breed_id, birthday, sex, color) VALUES (241, 'Тишка', 11, '2015-06-25', 'F', 10840604);
INSERT INTO cat (id, name, breed_id, birthday, sex, color) VALUES (242, 'Амур', 56, '2006-07-13', 'M', 15841122);
INSERT INTO cat (id, name, breed_id, birthday, sex, color) VALUES (243, 'Авдон', 81, '2017-01-24', 'M', 7486932);
INSERT INTO cat (id, name, breed_id, birthday, sex, color) VALUES (244, 'Тима', 82, '2008-09-29', 'M', 6524401);
INSERT INTO cat (id, name, breed_id, birthday, sex, color) VALUES (245, 'Абрек', 2, '2006-04-16', 'M', 5971658);
INSERT INTO cat (id, name, breed_id, birthday, sex, color) VALUES (246, 'Гай', 41, '2011-02-01', 'M', 14959706);
INSERT INTO cat (id, name, breed_id, birthday, sex, color, owner_id) VALUES (247, 'Тимоша', 47, '2015-03-31', 'F', 4841080, 11);
INSERT INTO cat (id, name, breed_id, birthday, sex, color) VALUES (248, 'Чувак', 6, '2012-06-17', 'F', 1910294);
INSERT INTO cat (id, name, breed_id, birthday, sex, color) VALUES (249, 'Персик', 17, '2015-10-18', 'F', 12825433);
INSERT INTO cat (id, name, breed_id, birthday, sex, color) VALUES (250, 'Марсик', 46, '2017-11-16', 'F', 14909474);
INSERT INTO cat (id, name, breed_id, birthday, sex, color) VALUES (251, 'Багет', 11, '2014-10-26', 'F', 11091798);
INSERT INTO cat (id, name, breed_id, birthday, sex, color) VALUES (252, 'Малыш', 18, '2012-08-23', 'F', 891800);
INSERT INTO cat (id, name, breed_id, birthday, sex, color) VALUES (253, 'Грей', 20, '2015-01-24', 'M', 13235956);
INSERT INTO cat (id, name, breed_id, birthday, sex, color) VALUES (254, 'Валерьян', 25, '2018-11-20', 'F', 1553173);
INSERT INTO cat (id, name, breed_id, birthday, sex, color) VALUES (255, 'Зая', 64, '2018-05-25', 'F', 14070553);
INSERT INTO cat (id, name, breed_id, birthday, sex, color) VALUES (256, 'Дар', 83, '2016-10-15', 'F', 14962466);
INSERT INTO cat (id, name, breed_id, birthday, sex, color) VALUES (257, 'Абрантес', 40, '2019-02-17', 'F', 4514286);
INSERT INTO cat (id, name, breed_id, birthday, sex, color) VALUES (258, 'Лаваш', 32, '2015-08-23', 'F', 6476776);
INSERT INTO cat (id, name, breed_id, birthday, sex, color, owner_id) VALUES (259, 'Доминик', 81, '2006-02-26', 'F', 11556355, 35);
INSERT INTO cat (id, name, breed_id, birthday, sex, color) VALUES (260, 'Яндекс', 73, '2014-04-20', 'M', 12356839);
INSERT INTO cat (id, name, breed_id, birthday, sex, color) VALUES (261, 'Томас', NULL, '2017-07-20', 'M', 8451271);
INSERT INTO cat (id, name, breed_id, birthday, sex, color) VALUES (262, 'Изи', 61, '2017-06-21', 'F', 9997031);
INSERT INTO cat (id, name, breed_id, birthday, sex, color) VALUES (263, 'Байдар', 72, '2019-05-14', 'M', 14356650);
INSERT INTO cat (id, name, breed_id, birthday, sex, color) VALUES (264, 'Бальтазар', 3, '2015-05-21', 'F', 7342612);
INSERT INTO cat (id, name, breed_id, birthday, sex, color) VALUES (265, 'Валерьян', 49, '2016-10-13', 'M', 14718988);
INSERT INTO cat (id, name, breed_id, birthday, sex, color) VALUES (266, 'Абрикос', 9, '2020-05-13', 'F', 11640230);
INSERT INTO cat (id, name, breed_id, birthday, sex, color) VALUES (267, 'Егор', 57, '2007-02-19', 'M', 9145616);
INSERT INTO cat (id, name, breed_id, birthday, sex, color) VALUES (268, 'Абеляр', 44, '2011-07-10', 'F', 7121331);
INSERT INTO cat (id, name, breed_id, birthday, sex, color) VALUES (269, 'Зевс', 67, '2019-05-19', 'M', 15661972);
INSERT INTO cat (id, name, breed_id, birthday, sex, color) VALUES (270, 'Базиль', 19, '2006-02-19', 'F', 13437328);
INSERT INTO cat (id, name, breed_id, birthday, sex, color) VALUES (271, 'Бай', 11, '2013-12-10', 'F', 11426177);
INSERT INTO cat (id, name, breed_id, birthday, sex, color, owner_id) VALUES (272, 'Малыш', 81, '2016-08-05', 'M', 9990852, 32);
INSERT INTO cat (id, name, breed_id, birthday, sex, color) VALUES (273, 'Паштет', 18, '2011-01-18', 'M', 8660154);
INSERT INTO cat (id, name, breed_id, birthday, sex, color) VALUES (274, 'Ягуар', 56, '2008-07-10', 'M', 5409152);
INSERT INTO cat (id, name, breed_id, birthday, sex, color) VALUES (275, 'Нафаня', 12, '2016-10-09', 'M', 15846147);
INSERT INTO cat (id, name, breed_id, birthday, sex, color) VALUES (276, 'Айс', 77, '2011-12-23', 'M', 11555397);
INSERT INTO cat (id, name, breed_id, birthday, sex, color) VALUES (277, 'Гамлет', 23, '2006-11-27', 'M', 7321948);
INSERT INTO cat (id, name, breed_id, birthday, sex, color) VALUES (278, 'Зак', 24, '2014-10-16', 'F', 4763598);
INSERT INTO cat (id, name, breed_id, birthday, sex, color) VALUES (279, 'Йосик', 68, '2008-08-23', 'M', 2839918);
INSERT INTO cat (id, name, breed_id, birthday, sex, color) VALUES (280, 'Нафаня', 12, '2017-11-08', 'F', 14308737);
INSERT INTO cat (id, name, breed_id, birthday, sex, color) VALUES (281, 'Авгур', 68, '2019-01-25', 'F', 5260611);
INSERT INTO cat (id, name, breed_id, birthday, sex, color) VALUES (282, 'Ганс', 72, '2011-09-18', 'F', 8396689);
INSERT INTO cat (id, name, breed_id, birthday, sex, color) VALUES (283, 'Гав', 25, '2010-02-10', 'M', 13040836);
INSERT INTO cat (id, name, breed_id, birthday, sex, color, owner_id) VALUES (284, 'Том', 30, '2019-09-28', 'M', 14873299, 16);
INSERT INTO cat (id, name, breed_id, birthday, sex, color) VALUES (285, 'Абраша', 25, '2009-10-25', 'M', 5057534);
INSERT INTO cat (id, name, breed_id, birthday, sex, color) VALUES (286, 'Вазилин', 54, '2017-02-26', 'M', 8978859);
INSERT INTO cat (id, name, breed_id, birthday, sex, color) VALUES (287, 'Базальт', 3, '2019-03-21', 'F', 2479120);
INSERT INTO cat (id, name, breed_id, birthday, sex, color) VALUES (288, 'Маленький Дьявол', 64, '2009-12-31', 'M', 10173575);
INSERT INTO cat (id, name, breed_id, birthday, sex, color) VALUES (289, 'Марс', 13, '2012-01-27', 'M', 2210011);
INSERT INTO cat (id, name, breed_id, birthday, sex, color) VALUES (290, 'Базилион', 83, '2008-06-12', 'M', 15636262);
INSERT INTO cat (id, name, breed_id, birthday, sex, color) VALUES (291, 'Мажор', 40, '2018-09-16', 'M', 12333767);
INSERT INTO cat (id, name, breed_id, birthday, sex, color) VALUES (292, 'Вася', 78, '2017-01-07', 'M', 4057650);
INSERT INTO cat (id, name, breed_id, birthday, sex, color) VALUES (293, 'Кабаясик', 4, '2012-01-15', 'M', 8240657);
INSERT INTO cat (id, name, breed_id, birthday, sex, color) VALUES (294, 'Умка', 83, '2020-03-09', 'F', 4982672);
INSERT INTO cat (id, name, breed_id, birthday, sex, color) VALUES (295, 'Марсель', 43, '2014-06-21', 'M', 15040121);
INSERT INTO cat (id, name, breed_id, birthday, sex, color) VALUES (296, 'Жужа', NULL, '2017-10-15', 'F', 15842873);
INSERT INTO cat (id, name, breed_id, birthday, sex, color) VALUES (297, 'Нафаня', 58, '2009-06-20', 'F', 4092658);
INSERT INTO cat (id, name, breed_id, birthday, sex, color) VALUES (298, 'Масик', 8, '2012-04-23', 'M', 16094664);
INSERT INTO cat (id, name, breed_id, birthday, sex, color) VALUES (299, 'Лапа', 57, '2016-07-22', 'M', 13993422);
INSERT INTO cat (id, name, breed_id, birthday, sex, color) VALUES (300, 'Габриэль', 43, '2014-09-14', 'F', 12646732);
INSERT INTO cat (id, name, breed_id, birthday, sex, color, owner_id) VALUES (301, 'Фунтик', 17, '2006-07-22', 'M', 12277855, 21);
INSERT INTO cat (id, name, breed_id, birthday, sex, color) VALUES (302, 'Гандурас', 11, '2012-11-03', 'M', 7588712);
INSERT INTO cat (id, name, breed_id, birthday, sex, color) VALUES (303, 'Валенок', 59, '2014-10-31', 'F', 16398420);
INSERT INTO cat (id, name, breed_id, birthday, sex, color) VALUES (304, 'Коксик', 53, '2017-03-01', 'F', 13618739);
INSERT INTO cat (id, name, breed_id, birthday, sex, color) VALUES (305, 'Мурзик', 53, '2010-08-07', 'F', 847655);
INSERT INTO cat (id, name, breed_id, birthday, sex, color) VALUES (306, 'Валет', 13, '2019-03-03', 'F', 15877970);
INSERT INTO cat (id, name, breed_id, birthday, sex, color) VALUES (307, 'Люцифер', 44, '2020-03-23', 'M', 16161277);
INSERT INTO cat (id, name, breed_id, birthday, sex, color) VALUES (308, 'Байк', NULL, '2019-08-08', 'M', 13280811);
INSERT INTO cat (id, name, breed_id, birthday, sex, color) VALUES (309, 'Захар', 20, '2012-10-29', 'F', 9684964);
INSERT INTO cat (id, name, breed_id, birthday, sex, color, owner_id) VALUES (310, 'Аватар', 61, '2013-04-05', 'M', 578191, 30);
INSERT INTO cat (id, name, breed_id, birthday, sex, color) VALUES (311, 'Ричард Львиное Сердце', 56, '2016-08-26', 'F', 14304641);
INSERT INTO cat (id, name, breed_id, birthday, sex, color) VALUES (312, 'Барс', 28, '2010-02-24', 'M', 7132870);
INSERT INTO cat (id, name, breed_id, birthday, sex, color) VALUES (313, 'Джокер', 1, '2010-12-19', 'F', 16048060);
INSERT INTO cat (id, name, breed_id, birthday, sex, color) VALUES (314, 'Дар', 58, '2012-10-05', 'F', 3002098);
INSERT INTO cat (id, name, breed_id, birthday, sex, color) VALUES (315, 'Йогурт', 66, '2007-11-15', 'M', 16248805);
INSERT INTO cat (id, name, breed_id, birthday, sex, color) VALUES (316, 'Гамлет', 69, '2011-08-10', 'M', 7883921);
INSERT INTO cat (id, name, breed_id, birthday, sex, color) VALUES (317, 'Абакан', 10, '2009-03-10', 'F', 10382497);
INSERT INTO cat (id, name, breed_id, birthday, sex, color) VALUES (318, 'Оптимус Прайм', 43, '2009-03-01', 'F', 1393590);
INSERT INTO cat (id, name, breed_id, birthday, sex, color) VALUES (319, 'Абакан', 40, '2008-06-12', 'M', 420099);
INSERT INTO cat (id, name, breed_id, birthday, sex, color) VALUES (320, 'Жиган', 50, '2008-12-18', 'M', 14858410);
INSERT INTO cat (id, name, breed_id, birthday, sex, color) VALUES (321, 'Бай', 28, '2010-01-17', 'F', 319951);
INSERT INTO cat (id, name, breed_id, birthday, sex, color) VALUES (322, 'Изюмчик', 5, '2008-10-04', 'F', 14650701);
INSERT INTO cat (id, name, breed_id, birthday, sex, color, owner_id) VALUES (323, 'Даня', 7, '2009-08-23', 'F', 8359922, 39);
INSERT INTO cat (id, name, breed_id, birthday, sex, color) VALUES (324, 'Барсик', 27, '2006-06-24', 'F', 13426754);
INSERT INTO cat (id, name, breed_id, birthday, sex, color) VALUES (325, 'Саймон', 1, '2012-08-30', 'F', 258724);
INSERT INTO cat (id, name, breed_id, birthday, sex, color) VALUES (326, 'Изи', NULL, '2011-07-10', 'F', 1194781);
INSERT INTO cat (id, name, breed_id, birthday, sex, color) VALUES (327, 'Базилиано', 73, '2013-05-04', 'M', 10279538);
INSERT INTO cat (id, name, breed_id, birthday, sex, color) VALUES (328, 'Коксик', 52, '2019-01-04', 'F', 2146411);
INSERT INTO cat (id, name, breed_id, birthday, sex, color) VALUES (329, 'Вайс', 37, '2011-05-14', 'F', 217219);
INSERT INTO cat (id, name, breed_id, birthday, sex, color) VALUES (330, 'Саймон', 12, '2017-06-25', 'M', 943171);
INSERT INTO cat (id, name, breed_id, birthday, sex, color) VALUES (331, 'Бак', 38, '2010-06-25', 'F', 10586586);
INSERT INTO cat (id, name, breed_id, birthday, sex, color) VALUES (332, 'Жужа', 16, '2007-12-19', 'F', 1581470);
INSERT INTO cat (id, name, breed_id, birthday, sex, color) VALUES (333, 'Ганс', 19, '2009-04-12', 'F', 8442023);
INSERT INTO cat (id, name, breed_id, birthday, sex, color) VALUES (334, 'Жиган', 71, '2016-05-08', 'F', 4108136);
INSERT INTO cat (id, name, breed_id, birthday, sex, color) VALUES (335, 'Захар', 26, '2015-03-31', 'M', 12029922);
INSERT INTO cat (id, name, breed_id, birthday, sex, color) VALUES (336, 'Августин', 23, '2010-08-09', 'F', 6257928);
INSERT INTO cat (id, name, breed_id, birthday, sex, color) VALUES (337, 'Байярд', 79, '2009-09-19', 'M', 16380065);
INSERT INTO cat (id, name, breed_id, birthday, sex, color) VALUES (338, 'Саймон', 50, '2008-09-10', 'M', 9415397);
INSERT INTO cat (id, name, breed_id, birthday, sex, color) VALUES (339, 'Риччи', NULL, '2018-09-19', 'F', 9157474);
INSERT INTO cat (id, name, breed_id, birthday, sex, color) VALUES (340, 'Гуччи', 64, '2009-08-20', 'F', 2702960);
INSERT INTO cat (id, name, breed_id, birthday, sex, color) VALUES (341, 'Яша', 8, '2017-01-22', 'F', 6681605);
INSERT INTO cat (id, name, breed_id, birthday, sex, color, owner_id) VALUES (342, 'Багор', 37, '2020-06-04', 'F', 10658586, 37);
INSERT INTO cat (id, name, breed_id, birthday, sex, color) VALUES (343, 'Сосисыч', 55, '2014-05-14', 'F', 13045731);
INSERT INTO cat (id, name, breed_id, birthday, sex, color) VALUES (344, 'Фунтик', 22, '2020-05-13', 'F', 12500758);
INSERT INTO cat (id, name, breed_id, birthday, sex, color) VALUES (345, 'Абрико', 1, '2010-09-18', 'F', 13550881);
INSERT INTO cat (id, name, breed_id, birthday, sex, color) VALUES (346, 'Бурбузяка Жабс', 32, '2011-04-11', 'M', 16288894);
INSERT INTO cat (id, name, breed_id, birthday, sex, color) VALUES (347, 'Валера', 71, '2009-02-05', 'F', 12014403);
INSERT INTO cat (id, name, breed_id, birthday, sex, color) VALUES (348, 'Веня', 18, '2010-05-08', 'F', 7740147);
INSERT INTO cat (id, name, breed_id, birthday, sex, color) VALUES (349, 'Миша', 34, '2015-11-15', 'M', 6434860);
INSERT INTO cat (id, name, breed_id, birthday, sex, color) VALUES (350, 'Базан', 83, '2017-05-20', 'M', 14746896);
INSERT INTO cat (id, name, breed_id, birthday, sex, color, owner_id) VALUES (351, 'Маркиз', 49, '2011-11-13', 'F', 4032712, 11);
INSERT INTO cat (id, name, breed_id, birthday, sex, color) VALUES (352, 'Зефир', 76, '2010-08-01', 'M', 6119153);
INSERT INTO cat (id, name, breed_id, birthday, sex, color) VALUES (353, 'Мартин', 42, '2008-06-02', 'F', 12000208);
INSERT INTO cat (id, name, breed_id, birthday, sex, color) VALUES (354, 'Бабет', 29, '2016-05-29', 'F', 16134036);
INSERT INTO cat (id, name, breed_id, birthday, sex, color) VALUES (355, 'Абис', 81, '2013-06-16', 'F', 8947138);
INSERT INTO cat (id, name, breed_id, birthday, sex, color) VALUES (356, 'Тима', 32, '2013-03-31', 'M', 1232596);
INSERT INTO cat (id, name, breed_id, birthday, sex, color) VALUES (357, 'Валленштейн', 35, '2016-06-06', 'F', 6142917);
INSERT INTO cat (id, name, breed_id, birthday, sex, color) VALUES (358, 'Найс', NULL, '2010-05-29', 'F', 8280833);
INSERT INTO cat (id, name, breed_id, birthday, sex, color) VALUES (359, 'Ватсон', 74, '2020-10-19', 'F', 11626406);
INSERT INTO cat (id, name, breed_id, birthday, sex, color) VALUES (360, 'Мартин', 18, '2007-08-20', 'F', 9418406);
INSERT INTO cat (id, name, breed_id, birthday, sex, color) VALUES (361, 'Даня', 43, '2015-08-13', 'M', 6939513);
INSERT INTO cat (id, name, breed_id, birthday, sex, color, owner_id) VALUES (362, 'Абилен', 74, '2014-08-16', 'F', 2154703, 6);
INSERT INTO cat (id, name, breed_id, birthday, sex, color) VALUES (363, 'Бабет', 28, '2007-12-27', 'M', 1027798);
INSERT INTO cat (id, name, breed_id, birthday, sex, color) VALUES (364, 'Демон', 4, '2015-03-29', 'M', 8867872);
INSERT INTO cat (id, name, breed_id, birthday, sex, color) VALUES (365, 'Августин', 64, '2019-10-21', 'F', 4547324);
INSERT INTO cat (id, name, breed_id, birthday, sex, color) VALUES (366, 'Коксик', 48, '2010-07-02', 'F', 4283722);
INSERT INTO cat (id, name, breed_id, birthday, sex, color) VALUES (367, 'Абс', 10, '2006-04-23', 'M', 238446);
INSERT INTO cat (id, name, breed_id, birthday, sex, color) VALUES (368, 'Баксентий', 71, '2011-04-16', 'M', 251872);
INSERT INTO cat (id, name, breed_id, birthday, sex, color, owner_id) VALUES (369, 'Валли', 31, '2016-02-09', 'F', 7940073, 23);
INSERT INTO cat (id, name, breed_id, birthday, sex, color) VALUES (370, 'Байбурт', 7, '2010-05-02', 'F', 2404009);
INSERT INTO cat (id, name, breed_id, birthday, sex, color) VALUES (371, 'Абрек', 42, '2015-06-22', 'F', 15628473);
INSERT INTO cat (id, name, breed_id, birthday, sex, color) VALUES (372, 'Маленький Дьявол', 49, '2008-06-11', 'M', 1136983);
INSERT INTO cat (id, name, breed_id, birthday, sex, color) VALUES (373, 'Микки', 44, '2017-03-09', 'F', 152435);
ALTER SEQUENCE cat_id_seq RESTART WITH 374;

-- номера
INSERT INTO room (room_number, amount_of_places, price) VALUES (101, 4, 800);
INSERT INTO room (room_number, amount_of_places, price) VALUES (102, 2, 1500);
INSERT INTO room (room_number, amount_of_places, price) VALUES (103, 1, 1800);
INSERT INTO room (room_number, amount_of_places, price) VALUES (104, 1, 1800);
INSERT INTO room (room_number, amount_of_places, price) VALUES (105, 3, 1300);
INSERT INTO room (room_number, amount_of_places, price) VALUES (106, 2, 1500);
INSERT INTO room (room_number, amount_of_places, price) VALUES (107, 4, 800);
INSERT INTO room (room_number, amount_of_places, price) VALUES (108, 3, 1300);
INSERT INTO room (room_number, amount_of_places, price) VALUES (109, 2, 1500);
INSERT INTO room (room_number, amount_of_places, price) VALUES (110, 1, 1800);
INSERT INTO room (room_number, amount_of_places, price) VALUES (201, 4, 800);
INSERT INTO room (room_number, amount_of_places, price) VALUES (202, 2, 1500);
INSERT INTO room (room_number, amount_of_places, price) VALUES (203, 1, 1800);
INSERT INTO room (room_number, amount_of_places, price) VALUES (204, 1, 1800);
INSERT INTO room (room_number, amount_of_places, price) VALUES (205, 3, 1300);
INSERT INTO room (room_number, amount_of_places, price) VALUES (206, 2, 1500);
INSERT INTO room (room_number, amount_of_places, price) VALUES (207, 4, 800);
INSERT INTO room (room_number, amount_of_places, price) VALUES (208, 3, 1300);
INSERT INTO room (room_number, amount_of_places, price) VALUES (209, 2, 1500);
INSERT INTO room (room_number, amount_of_places, price) VALUES (210, 1, 1800);
INSERT INTO room (room_number, amount_of_places, price) VALUES (301, 4, 800);
INSERT INTO room (room_number, amount_of_places, price) VALUES (302, 2, 1500);
INSERT INTO room (room_number, amount_of_places, price) VALUES (303, 1, 1800);
INSERT INTO room (room_number, amount_of_places, price) VALUES (304, 1, 1800);
INSERT INTO room (room_number, amount_of_places, price) VALUES (305, 3, 1300);
INSERT INTO room (room_number, amount_of_places, price) VALUES (306, 2, 1500);
INSERT INTO room (room_number, amount_of_places, price) VALUES (307, 4, 800);
INSERT INTO room (room_number, amount_of_places, price) VALUES (308, 3, 1300);
INSERT INTO room (room_number, amount_of_places, price) VALUES (309, 2, 1500);
INSERT INTO room (room_number, amount_of_places, price) VALUES (310, 1, 1800);
INSERT INTO room (room_number, amount_of_places, price) VALUES (401, 4, 800);
INSERT INTO room (room_number, amount_of_places, price) VALUES (402, 2, 1500);
INSERT INTO room (room_number, amount_of_places, price) VALUES (403, 1, 1800);
INSERT INTO room (room_number, amount_of_places, price) VALUES (404, 1, 1800);
INSERT INTO room (room_number, amount_of_places, price) VALUES (405, 3, 1300);
INSERT INTO room (room_number, amount_of_places, price) VALUES (406, 2, 1500);
INSERT INTO room (room_number, amount_of_places, price) VALUES (407, 4, 800);
INSERT INTO room (room_number, amount_of_places, price) VALUES (408, 3, 1300);
INSERT INTO room (room_number, amount_of_places, price) VALUES (409, 2, 1500);
INSERT INTO room (room_number, amount_of_places, price) VALUES (410, 1, 1800);
INSERT INTO room (room_number, amount_of_places, price) VALUES (501, 4, 800);
INSERT INTO room (room_number, amount_of_places, price) VALUES (502, 2, 1500);
INSERT INTO room (room_number, amount_of_places, price) VALUES (503, 1, 1800);
INSERT INTO room (room_number, amount_of_places, price) VALUES (504, 1, 1800);
INSERT INTO room (room_number, amount_of_places, price) VALUES (505, 3, 1300);
INSERT INTO room (room_number, amount_of_places, price) VALUES (506, 2, 1500);
INSERT INTO room (room_number, amount_of_places, price) VALUES (507, 4, 800);
INSERT INTO room (room_number, amount_of_places, price) VALUES (508, 3, 1300);
INSERT INTO room (room_number, amount_of_places, price) VALUES (509, 2, 1500);
INSERT INTO room (room_number, amount_of_places, price) VALUES (510, 1, 1800);
INSERT INTO room (room_number, amount_of_places, price) VALUES (601, 4, 800);
INSERT INTO room (room_number, amount_of_places, price) VALUES (602, 2, 1500);
INSERT INTO room (room_number, amount_of_places, price) VALUES (603, 1, 1800);
INSERT INTO room (room_number, amount_of_places, price) VALUES (604, 1, 1800);
INSERT INTO room (room_number, amount_of_places, price) VALUES (605, 3, 1300);
INSERT INTO room (room_number, amount_of_places, price) VALUES (606, 2, 1500);
INSERT INTO room (room_number, amount_of_places, price) VALUES (607, 4, 800);
INSERT INTO room (room_number, amount_of_places, price) VALUES (608, 3, 1300);
INSERT INTO room (room_number, amount_of_places, price) VALUES (609, 2, 1500);
INSERT INTO room (room_number, amount_of_places, price) VALUES (610, 1, 1800);
INSERT INTO room (room_number, amount_of_places, price) VALUES (701, 4, 800);
INSERT INTO room (room_number, amount_of_places, price) VALUES (702, 2, 1500);
INSERT INTO room (room_number, amount_of_places, price) VALUES (703, 1, 1800);
INSERT INTO room (room_number, amount_of_places, price) VALUES (704, 1, 1800);
INSERT INTO room (room_number, amount_of_places, price) VALUES (705, 3, 1300);
INSERT INTO room (room_number, amount_of_places, price) VALUES (706, 2, 1500);
INSERT INTO room (room_number, amount_of_places, price) VALUES (707, 4, 800);
INSERT INTO room (room_number, amount_of_places, price) VALUES (708, 3, 1300);
INSERT INTO room (room_number, amount_of_places, price) VALUES (709, 2, 1500);
INSERT INTO room (room_number, amount_of_places, price) VALUES (710, 1, 1800);
INSERT INTO room (room_number, amount_of_places, price) VALUES (801, 4, 800);
INSERT INTO room (room_number, amount_of_places, price) VALUES (802, 2, 1500);
INSERT INTO room (room_number, amount_of_places, price) VALUES (803, 1, 1800);
INSERT INTO room (room_number, amount_of_places, price) VALUES (804, 1, 1800);
INSERT INTO room (room_number, amount_of_places, price) VALUES (805, 3, 1300);
INSERT INTO room (room_number, amount_of_places, price) VALUES (806, 2, 1500);
INSERT INTO room (room_number, amount_of_places, price) VALUES (807, 4, 800);
INSERT INTO room (room_number, amount_of_places, price) VALUES (808, 3, 1300);
INSERT INTO room (room_number, amount_of_places, price) VALUES (809, 2, 1500);
INSERT INTO room (room_number, amount_of_places, price) VALUES (810, 1, 1800);

-- занятость номеров
INSERT INTO room_occupation VALUES (705, 301);
INSERT INTO room_occupation VALUES (507, 362);
INSERT INTO room_occupation VALUES (707, 369);
INSERT INTO room_occupation VALUES (803, 92);
INSERT INTO room_occupation VALUES (306, 64);
INSERT INTO room_occupation VALUES (801, 310);
INSERT INTO room_occupation VALUES (206, 219);
INSERT INTO room_occupation VALUES (402, 26);
INSERT INTO room_occupation VALUES (709, 59);
INSERT INTO room_occupation VALUES (110, 247);
INSERT INTO room_occupation VALUES (309, 39);
INSERT INTO room_occupation VALUES (807, 132);
INSERT INTO room_occupation VALUES (609, 49);
INSERT INTO room_occupation VALUES (109, 48);
INSERT INTO room_occupation VALUES (608, 16);
INSERT INTO room_occupation VALUES (804, 203);
INSERT INTO room_occupation VALUES (505, 272);
INSERT INTO room_occupation VALUES (205, 88);
INSERT INTO room_occupation VALUES (101, 323);
INSERT INTO room_occupation VALUES (206, 351);
INSERT INTO room_occupation VALUES (101, 18);

-- товары
INSERT INTO good(id, name, price, type) VALUES (1, 'когтеточка большая', 285, 'когтеточка');
INSERT INTO good(id, name, price, type) VALUES (2, 'когтеточка малая', 195, 'когтеточка');
INSERT INTO good(id, name, price, type) VALUES (3, 'когтеточка эконом', 217, 'когтеточка');
INSERT INTO good(id, name, price, type) VALUES (4, 'когтеточка царапка', 378, 'когтеточка');
INSERT INTO good(id, name, price, type) VALUES (5, 'когтеточка эконом угловая', 303, 'когтеточка');
INSERT INTO good(id, name, price, type) VALUES (6, 'когтеточка угловая', 421, 'когтеточка');
INSERT INTO good(id, name, price, type) VALUES (7, 'когтеточка эконом большая', 229, 'когтеточка');
INSERT INTO good(id, name, price, type) VALUES (8, 'когтеточка ковролиновая горка с домиком', 5287, 'когтеточка');
INSERT INTO good(id, name, price, type) VALUES (9, 'когтеточка с лежанками', 3527, 'когтеточка');
INSERT INTO good(id, name, price, type) VALUES (10, 'когтеточка ковролиновая горка', 2759, 'когтеточка');
INSERT INTO good(id, name, price, type) VALUES (11, 'лежанка классика', 839, 'лежанка');
INSERT INTO good(id, name, price, type) VALUES (12, 'лежанка комфорт', 1155, 'лежанка');
INSERT INTO good(id, name, price, type) VALUES (13, 'лежанка универсальная', 743, 'лежанка');
INSERT INTO good(id, name, price, type) VALUES (14, 'лежанка матрасик меховой', 211, 'лежанка');
INSERT INTO good(id, name, price, type) VALUES (15, 'гамак для кошки', 1347, 'лежанка');
INSERT INTO good(id, name, price, type) VALUES (16, 'дом эстрада мини', 521, 'домик');
INSERT INTO good(id, name, price, type) VALUES (17, 'мягкий домик с игрушкой', 2381, 'домик');
INSERT INTO good(id, name, price, type) VALUES (18, 'домик-лежанка', 1355, 'домик');
INSERT INTO good(id, name, price, type) VALUES (19, 'сумка-переноска жесткая саквояж №2', 567, 'переноска');
INSERT INTO good(id, name, price, type) VALUES (20, 'сумка-переноска жесткая саквояж №3', 637, 'переноска');
INSERT INTO good(id, name, price, type) VALUES (21, 'сумка-переноска жесткая саквояж №1', 501, 'переноска');
INSERT INTO good(id, name, price, type) VALUES (22, 'сумка-переноска полукруглая №4', 615, 'переноска');
INSERT INTO good(id, name, price, type) VALUES (23, 'сумка-переноска конверт-туннель', 441, 'переноска');
INSERT INTO good(id, name, price, type) VALUES (24, 'сумка-переноска туннель №4', 683, 'переноска');
INSERT INTO good(id, name, price, type) VALUES (25, 'сумка-переноска(L2) раскладная малая', 669, 'переноска');
INSERT INTO good(id, name, price, type) VALUES (26, 'сумка-переноска раскладная малая', 611, 'переноска');
INSERT INTO good(id, name, price, type) VALUES (27, 'сумка-переноска конверт-туннель №1', 515, 'переноска');
INSERT INTO good(id, name, price, type) VALUES (28, 'сумка-переноска полукруглая №2', 470, 'переноска');
INSERT INTO good(id, name, price, type) VALUES (29, 'сумка-переноска туннель №2', 533, 'переноска');
INSERT INTO good(id, name, price, type) VALUES (30, 'туалет для кошек с сеткой высокие ножки', 139, 'туалет для кошек');
INSERT INTO good(id, name, price, type) VALUES (31, 'туалет для кошек глубокий с сеткой и бортиком', 277, 'туалет для кошек');
INSERT INTO good(id, name, price, type) VALUES (32, 'туалет для кошек премиум глубокий с бортиком', 165, 'туалет для кошек');
INSERT INTO good(id, name, price, type) VALUES (33, 'туалет для кошек с сеткой', 165, 'туалет для кошек');
INSERT INTO good(id, name, price, type) VALUES (34, 'туалет для кошек низкие ножки', 189, 'туалет для кошек');
INSERT INTO good(id, name, price, type) VALUES (35, 'туалет для кошек лоток с сеткой', 111, 'туалет для кошек');
INSERT INTO good(id, name, price, type) VALUES (36, 'туалет для кошек большой', 201, 'туалет для кошек');
INSERT INTO good(id, name, price, type) VALUES (37, 'туалет для кошек высокие ножки', 181, 'туалет для кошек');
INSERT INTO good(id, name, price, type) VALUES (38, 'туалет для кошек глубокий с бортиком', 145, 'туалет для кошек');
INSERT INTO good(id, name, price, type) VALUES (39, 'туалет для кошек малый с сеткой', 155, 'туалет для кошек');
INSERT INTO good(id, name, price, type) VALUES (40, 'миска для кошек прозрачная', 35, 'миска');
INSERT INTO good(id, name, price, type) VALUES (41, 'миска №2 100мл', 39, 'миска');
INSERT INTO good(id, name, price, type) VALUES (42, 'миска экстра 230 мл', 30, 'миска');
INSERT INTO good(id, name, price, type) VALUES (43, 'миска №1 0.25 л', 29, 'миска');
INSERT INTO good(id, name, price, type) VALUES (44, 'миска нулевка', 37, 'миска');
INSERT INTO good(id, name, price, type) VALUES (45, 'миска керамическая 0.2л', 169, 'миска');
INSERT INTO good(id, name, price, type) VALUES (46, 'миска №0 0.2л', 25, '25');
INSERT INTO good(id, name, price, type) VALUES (47, 'миска Вака', 23, 'миска');
INSERT INTO good(id, name, price, type) VALUES (48, 'миска сфера на резинке 200мл прозрачная', 113, 'миска');
INSERT INTO good(id, name, price, type) VALUES (49, 'миска металлическая двойная', 245, 'миска');
INSERT INTO good(id, name, price, type) VALUES (50, 'миска для кошки двойная', 73, 'миска');
INSERT INTO good(id, name, price, type) VALUES (51, 'миска металлическая 0.18л', 233, 'миска');
INSERT INTO good(id, name, price, type) VALUES (52, 'миска металл 1.25 л с двойными стенками', 985, 'миска');
INSERT INTO good(id, name, price, type) VALUES (53, 'миски керамические в деревянной подставке', 1569, 'миска');
INSERT INTO good(id, name, price, type) VALUES (54, 'ошейник матовый с бубенчиком', 47, 'ошейник');
INSERT INTO good(id, name, price, type) VALUES (55, 'ошейник для кошек лайм', 301, 'ошейник');
INSERT INTO good(id, name, price, type) VALUES (56, 'ошейник для кошек хлопок', 307, 'ошейник');
INSERT INTO good(id, name, price, type) VALUES (57, 'бархатный ошейник для кошки', 273, 'ошейник');
INSERT INTO good(id, name, price, type) VALUES (58, 'ошейник кошачий со светящимися лапками', 73, 'ошейник');
INSERT INTO good(id, name, price, type) VALUES (59, 'ошейник нейлоновый для кошек', 181, 'ошейник');
INSERT INTO good(id, name, price, type) VALUES (60, 'ошейник с галстуком', 585, 'ошейник');
INSERT INTO good(id, name, price, type) VALUES (61, 'комплект камуфляж', 65, 'поводок');
INSERT INTO good(id, name, price, type) VALUES (62, 'коплект повод шлейка', 631, 'поводок');
INSERT INTO good(id, name, price, type) VALUES (63, 'поводок черный', 300, 'поводок');
INSERT INTO good(id, name, price, type) VALUES (64, 'поводок красный', 300, 'поводок');
INSERT INTO good(id, name, price, type) VALUES (65, 'удочка-дразнилка с мышкой', 87, 'дразнилка');
INSERT INTO good(id, name, price, type) VALUES (66, 'дразнилка-удочка шар с пером', 89, 'дразнилка');
INSERT INTO good(id, name, price, type) VALUES (67, 'дразнилка-удочка погремушка с лентами', 51, 'дразнилка');
INSERT INTO good(id, name, price, type) VALUES (68, 'дразнилка-удочка мышь плюшевая', 57, 'дразнилка');
INSERT INTO good(id, name, price, type) VALUES (69, 'лазер на карабине шар', 95, 'дразнилка');
INSERT INTO good(id, name, price, type) VALUES (70, 'дразнилка с мехом', 65, 'дразнилка');
INSERT INTO good(id, name, price, type) VALUES (71, 'дразнилка-удочка змейка', 153, 'дразнилка');
INSERT INTO good(id, name, price, type) VALUES (72, 'дразнилка змейки', 63, 'дразнилка');
INSERT INTO good(id, name, price, type) VALUES (73, 'дразнилка-удочка карнавал', 85, 'дразнилка');
INSERT INTO good(id, name, price, type) VALUES (74, 'дразнилка-удочка орешек', 137, 'дразнилка');
INSERT INTO good(id, name, price, type) VALUES (75, 'дразнилка-удочка', 85, 'дразнилка');
INSERT INTO good(id, name, price, type) VALUES (76, 'дразнилка норковая пальма на веревке', 157, 'дразнилка');
INSERT INTO good(id, name, price, type) VALUES (77, 'дразнилка павлин', 53, 'дразнилка');
INSERT INTO good(id, name, price, type) VALUES (78, 'игрушка погремушка малая с перьями', 37, 'игрушка');
INSERT INTO good(id, name, price, type) VALUES (79, 'игрушка паук из нороки', 149, 'игрушка');
INSERT INTO good(id, name, price, type) VALUES (80, 'игрушка гантельки поролон', 33, 'игрушка');
INSERT INTO good(id, name, price, type) VALUES (81, 'игрушка для кошек рыбка из лозы с бубенчиком', 60, 'игрушка');
INSERT INTO good(id, name, price, type) VALUES (82, 'игрушка меховая кошачья морда', 47, 'игрушка');
INSERT INTO good(id, name, price, type) VALUES (83, 'игрушка конфетка-погремушка', 65, 'игрушка');
INSERT INTO good(id, name, price, type) VALUES (84, 'игрушка погремушка с перьями и мехом', 43, 'игрушка');
INSERT INTO good(id, name, price, type) VALUES (85, 'шампунь нежный для кошек', 170, 'шампунь');
INSERT INTO good(id, name, price, type) VALUES (86, 'шампунь успокаивающий экстракт мелисы', 115, 'шампунь');
INSERT INTO good(id, name, price, type) VALUES (87, 'шампунь гипоаллергенный', 115, 'шампунь');
INSERT INTO good(id, name, price, type) VALUES (88, 'шампунь нежный для котят', 170, 'шампунь');
INSERT INTO good(id, name, price, type) VALUES (89, 'шампунь лесной для кошек', 149, 'шампунь');
INSERT INTO good(id, name, price, type) VALUES (90, 'шампунь чистотел восстанавливающий', 115, 'шампунь');
INSERT INTO good(id, name, price, type) VALUES (91, 'шампунь для котят без слез календула', 115, 'шампунь');
INSERT INTO good(id, name, price, type) VALUES (92, 'шампунь чистотел распутывающий', 115, 'шампунь');
INSERT INTO good(id, name, price, type) VALUES (93, 'шампунь изящая пантера', 265, 'шампунь');
INSERT INTO good(id, name, price, type) VALUES (94, 'шампунь пушистый хвостик', 231, 'шампунь');
INSERT INTO good(id, name, price, type) VALUES (95, 'шампунь морской с кондиционером', 149, 'шампунь');
INSERT INTO good(id, name, price, type) VALUES (96, 'жидкость для полости рта', 209, 'средство для ротовой полости');
INSERT INTO good(id, name, price, type) VALUES (97, 'анатомическая зубная щетка размер M', 541, 'средство для ротовой полости');
INSERT INTO good(id, name, price, type) VALUES (98, 'анатомическая зубная щетка размер S', 541, 'средство для ротовой полости');
INSERT INTO good(id, name, price, type) VALUES (99, 'наполнитель бадди малыш', 105, 'наполнитель');
INSERT INTO good(id, name, price, type) VALUES (100, 'наполнитель котенок опрятные лапки', 71, 'наполнитель');
INSERT INTO good(id, name, price, type) VALUES (101, 'наполнитель бадди ультра', 205, 'наполнитель');
INSERT INTO good(id, name, price, type) VALUES (102, 'наполнитель котенок лаванда', 71, 'наполнитель');
INSERT INTO good(id, name, price, type) VALUES (103, 'наполнитель персик впитывающий', 425, 'наполнитель');
INSERT INTO good(id, name, price, type) VALUES (104, 'наполнитель супервпитывающий комфорт', 141, 'наполнитель');
INSERT INTO good(id, name, price, type) VALUES (105, 'наполнитель кофе впитывающий', 425, 'наполнитель');
INSERT INTO good(id, name, price, type) VALUES (106, 'наполнитель сибирская кошка лесной', 117, 'наполнитель');
INSERT INTO good(id, name, price, type) VALUES (107, 'наполнитель чистый лоток древесный', 235, 'наполнитель');
INSERT INTO good(id, name, price, type) VALUES (108, 'наполнитель сибирская кошка для котят лесной', 249, 'наполнитель');
INSERT INTO good(id, name, price, type) VALUES (109, 'китекат улов рыбака 350г', 71, 'сухой корм');
INSERT INTO good(id, name, price, type) VALUES (110, 'китекат телятинка аппетитная 350г', 71, 'сухой корм');
INSERT INTO good(id, name, price, type) VALUES (111, 'китекат курочка аппетитная 350г', 71, 'сухой корм');
INSERT INTO good(id, name, price, type) VALUES (112, 'китекат телятинка аппетитная 800г', 159, 'сухой корм');
INSERT INTO good(id, name, price, type) VALUES (113, 'китекат мясной пир 350 г', 71, 'сухой корм');
INSERT INTO good(id, name, price, type) VALUES (114, 'китекат мясной пир 1.9кг', 363, 'сухой корм');
INSERT INTO good(id, name, price, type) VALUES (115, 'китекат курочка аппетитная 1.9кг', 363, 'сухой корм');
INSERT INTO good(id, name, price, type) VALUES (116, 'китекат пауч с говядиной в желе', 17, 'влажный корм');
INSERT INTO good(id, name, price, type) VALUES (117, 'китекат пауч с кроликом в желе', 17, 'влажный корм');
INSERT INTO good(id, name, price, type) VALUES (118, 'китекат пауч с курицей', 17, 'влажный корм');
INSERT INTO good(id, name, price, type) VALUES (119, 'китекат пауч с рыбой в соусе', 17, 'влажный корм');
INSERT INTO good(id, name, price, type) VALUES (120, 'китекат пауч с говядиной в соусе', 17, 'влажный корм');
INSERT INTO good(id, name, price, type) VALUES (121, 'вискас аппетитное ассорти с курицей и индейкой 350г', 93, 'сухой корм');
INSERT INTO good(id, name, price, type) VALUES (122, 'вискас для котят молочные подушечки индейка/морковь 350г', 93, 'сухой корм');
INSERT INTO good(id, name, price, type) VALUES (123, 'вискас аппетитное ассорти с говядиной и кроликом 1.9кг', 525, 'сухой корм');
INSERT INTO good(id, name, price, type) VALUES (124, 'вискас аппетитное ассорти с курицей и индейкой 1.9кг', 525, 'сухой корм');
INSERT INTO good(id, name, price, type) VALUES (125, 'вискас для стерил. кошек и котов с курицей и вкусными подушечками', 93, 'сухой корм');
INSERT INTO good(id, name, price, type) VALUES (126, 'вискас желе с курицей', 23, 'влажный корм');
INSERT INTO good(id, name, price, type) VALUES (127, 'вискас желе с лососем', 23, 'влажный корм');
INSERT INTO good(id, name, price, type) VALUES (128, 'вискас рагу с лососем', 23, 'влажный корм');
INSERT INTO good(id, name, price, type) VALUES (129, 'вискас для котят мясной паштет с курицей', 23, 'влажный корм');
INSERT INTO good(id, name, price, type) VALUES (130, 'вискас рагу с телятиной', 23, 'влажный корм');
INSERT INTO good(id, name, price, type) VALUES (131, 'вискас томат желе говядина', 25, 'влажный корм');
INSERT INTO good(id, name, price, type) VALUES (132, 'вискас микс сырн. соус курица/утка', 25, 'влажный корм');
INSERT INTO good(id, name, price, type) VALUES (133, 'вискас слив. соус лосось/креветки', 25, 'влажный корм');
INSERT INTO good(id, name, price, type) VALUES (134, 'кошачья мята 35мл', 85, 'лакомства для кошек');
INSERT INTO good(id, name, price, type) VALUES (135, 'кошачья мята сушеная 20г', 127, 'лакомства для кошек');
INSERT INTO good(id, name, price, type) VALUES (136, 'кошачья мята 2 мышки 20г', 199, 'лакомства для кошек');
INSERT INTO good(id, name, price, type) VALUES (137, 'мыльные пузыри с экстрактом кошачьей мяты', 97, 'лакомства для кошек');
INSERT INTO good(id, name, price, type) VALUES (138, 'китекат домашний обед с рыбой 350 г', 71, 'сухой корм');
ALTER SEQUENCE good_id_seq RESTART WITH 139;

-- еда
INSERT INTO food(id, name, good_id) VALUES (1, 'китекат улов рыбака', 109);
INSERT INTO food(id, name, good_id) VALUES (2, 'китекат телятинка аппетитная', 110);
INSERT INTO food(id, name, good_id) VALUES (3, 'китекат курочка аппетитная', 111);
INSERT INTO food(id, name, good_id) VALUES (4, 'китекат мясной пир', 113);
INSERT INTO food(id, name, good_id) VALUES (5, 'китекат с говядиной в желе', 116);
INSERT INTO food(id, name, good_id) VALUES (6, 'китекат с кроликом в желе', 117);
INSERT INTO food(id, name, good_id) VALUES (7, 'китекат с курицей', 118);
INSERT INTO food(id, name, good_id) VALUES (8, 'китекат с рыбой в соусе', 119);
INSERT INTO food(id, name, good_id) VALUES (9, 'китекат с говядиной в соусе', 120);
INSERT INTO food(id, name, good_id) VALUES (10, 'вискас аппетитное ассорти с курицей и индейкой', 121);
INSERT INTO food(id, name, good_id) VALUES (11, 'вискас для котят молочные подушечки индейка/морковь', 122);
INSERT INTO food(id, name, good_id) VALUES (12, 'вискас аппетитное ассорти с говядиной и кроликом', 123);
INSERT INTO food(id, name, good_id) VALUES (13, 'китекат домашний обед с рыбой', 138);
INSERT INTO food(id, name, good_id) VALUES (14, 'вискас для стерил. кошек и котов с курицей и вкусными подушечками', 125);
INSERT INTO food(id, name, good_id) VALUES (15, 'вискас желе с курицей', 126);
INSERT INTO food(id, name, good_id) VALUES (16, 'вискас желе с лососем', 127);
INSERT INTO food(id, name, good_id) VALUES (17, 'вискас рагу с лососем', 128);
INSERT INTO food(id, name, good_id) VALUES (18, 'вискас для котят мясной паштет с курицей', 129);
INSERT INTO food(id, name, good_id) VALUES (19, 'вискас рагу с телятиной', 130);
INSERT INTO food(id, name, good_id) VALUES (20, 'вискас томат желе говядина', 131);
INSERT INTO food(id, name, good_id) VALUES (21, 'вискас микс сырн. соус курица/утка', 132);
INSERT INTO food(id, name, good_id) VALUES (22, 'вискас слив. соус лосось/креветки', 133);
ALTER SEQUENCE food_id_seq RESTART WITH 23;

-- аллергены
INSERT INTO allergen VALUES (1, 'говядина');
INSERT INTO allergen VALUES (2, 'свинина');
INSERT INTO allergen VALUES (3, 'кукуруза');
INSERT INTO allergen VALUES (4, 'соя');
INSERT INTO allergen VALUES (5, 'молоко');
INSERT INTO allergen VALUES (6, 'пшеничная клейковина');
INSERT INTO allergen VALUES (7, 'яйца');
INSERT INTO allergen VALUES (8, 'морепродукты');
ALTER SEQUENCE allergen_id_seq RESTART WITH 9;

-- аллергены в корме
INSERT INTO food_allergen(food_id, allergen_id) VALUES (1,8);
INSERT INTO food_allergen(food_id, allergen_id) VALUES (2,1);
INSERT INTO food_allergen(food_id, allergen_id) VALUES (4,1);
INSERT INTO food_allergen(food_id, allergen_id) VALUES (4,2);
INSERT INTO food_allergen(food_id, allergen_id) VALUES (5,1);
INSERT INTO food_allergen(food_id, allergen_id) VALUES (8,8);
INSERT INTO food_allergen(food_id, allergen_id) VALUES (9,1);
INSERT INTO food_allergen(food_id, allergen_id) VALUES (12,1);
INSERT INTO food_allergen(food_id, allergen_id) VALUES (13,8);
INSERT INTO food_allergen(food_id, allergen_id) VALUES (16,8);
INSERT INTO food_allergen(food_id, allergen_id) VALUES (17,8);
INSERT INTO food_allergen(food_id, allergen_id) VALUES (19,1);
INSERT INTO food_allergen(food_id, allergen_id) VALUES (20,1);
INSERT INTO food_allergen(food_id, allergen_id) VALUES (22,8);

-- аллергии кошек
INSERT INTO cat_allergen(cat_id, allergen_id) VALUES(325, 8);
INSERT INTO cat_allergen(cat_id, allergen_id) VALUES(312, 7);
INSERT INTO cat_allergen(cat_id, allergen_id) VALUES(231, 2);
INSERT INTO cat_allergen(cat_id, allergen_id) VALUES(235, 3);
INSERT INTO cat_allergen(cat_id, allergen_id) VALUES(124, 5);
INSERT INTO cat_allergen(cat_id, allergen_id) VALUES(125, 2);
INSERT INTO cat_allergen(cat_id, allergen_id) VALUES(124, 6);
INSERT INTO cat_allergen(cat_id, allergen_id) VALUES(196, 3);
INSERT INTO cat_allergen(cat_id, allergen_id) VALUES(93, 5);
INSERT INTO cat_allergen(cat_id, allergen_id) VALUES(73, 1);
INSERT INTO cat_allergen(cat_id, allergen_id) VALUES(89, 3);
INSERT INTO cat_allergen(cat_id, allergen_id) VALUES(84, 4);
INSERT INTO cat_allergen(cat_id, allergen_id) VALUES(15, 7);
INSERT INTO cat_allergen(cat_id, allergen_id) VALUES(283,5);
INSERT INTO cat_allergen(cat_id, allergen_id) VALUES(215,6);
INSERT INTO cat_allergen(cat_id, allergen_id) VALUES(251, 5);
INSERT INTO cat_allergen(cat_id, allergen_id) VALUES(132, 3);
INSERT INTO cat_allergen(cat_id, allergen_id) VALUES(13, 4);
INSERT INTO cat_allergen(cat_id, allergen_id) VALUES(72, 4);
INSERT INTO cat_allergen(cat_id, allergen_id) VALUES(83, 2);
INSERT INTO cat_allergen(cat_id, allergen_id) VALUES(37, 8);
INSERT INTO cat_allergen(cat_id, allergen_id) VALUES(12, 4);
INSERT INTO cat_allergen(cat_id, allergen_id) VALUES(45, 3);

-- пищевые предпочтения кошек
INSERT INTO food_preference (food_id, cat_id) VALUES (1, 1);
INSERT INTO food_preference (food_id, cat_id) VALUES (1, 17);
INSERT INTO food_preference (food_id, cat_id) VALUES (1, 75);
INSERT INTO food_preference (food_id, cat_id) VALUES (1, 90);
INSERT INTO food_preference (food_id, cat_id) VALUES (1, 98);
INSERT INTO food_preference (food_id, cat_id) VALUES (1, 102);
INSERT INTO food_preference (food_id, cat_id) VALUES (1, 108);
INSERT INTO food_preference (food_id, cat_id) VALUES (1, 109);
INSERT INTO food_preference (food_id, cat_id) VALUES (1, 133);
INSERT INTO food_preference (food_id, cat_id) VALUES (1, 135);
INSERT INTO food_preference (food_id, cat_id) VALUES (1, 239);
INSERT INTO food_preference (food_id, cat_id) VALUES (1, 242);
INSERT INTO food_preference (food_id, cat_id) VALUES (1, 244);
INSERT INTO food_preference (food_id, cat_id) VALUES (1, 254);
INSERT INTO food_preference (food_id, cat_id) VALUES (1, 298);
INSERT INTO food_preference (food_id, cat_id) VALUES (1, 329);
INSERT INTO food_preference (food_id, cat_id) VALUES (2, 22);
INSERT INTO food_preference (food_id, cat_id) VALUES (2, 38);
INSERT INTO food_preference (food_id, cat_id) VALUES (2, 94);
INSERT INTO food_preference (food_id, cat_id) VALUES (2, 127);
INSERT INTO food_preference (food_id, cat_id) VALUES (2, 135);
INSERT INTO food_preference (food_id, cat_id) VALUES (2, 151);
INSERT INTO food_preference (food_id, cat_id) VALUES (2, 214);
INSERT INTO food_preference (food_id, cat_id) VALUES (2, 303);
INSERT INTO food_preference (food_id, cat_id) VALUES (2, 359);
INSERT INTO food_preference (food_id, cat_id) VALUES (3, 159);
INSERT INTO food_preference (food_id, cat_id) VALUES (3, 172);
INSERT INTO food_preference (food_id, cat_id) VALUES (3, 179);
INSERT INTO food_preference (food_id, cat_id) VALUES (3, 189);
INSERT INTO food_preference (food_id, cat_id) VALUES (3, 217);
INSERT INTO food_preference (food_id, cat_id) VALUES (3, 230);
INSERT INTO food_preference (food_id, cat_id) VALUES (3, 256);
INSERT INTO food_preference (food_id, cat_id) VALUES (3, 273);
INSERT INTO food_preference (food_id, cat_id) VALUES (3, 333);
INSERT INTO food_preference (food_id, cat_id) VALUES (4, 43);
INSERT INTO food_preference (food_id, cat_id) VALUES (4, 61);
INSERT INTO food_preference (food_id, cat_id) VALUES (4, 77);
INSERT INTO food_preference (food_id, cat_id) VALUES (4, 185);
INSERT INTO food_preference (food_id, cat_id) VALUES (4, 275);
INSERT INTO food_preference (food_id, cat_id) VALUES (4, 303);
INSERT INTO food_preference (food_id, cat_id) VALUES (4, 365);
INSERT INTO food_preference (food_id, cat_id) VALUES (5, 6);
INSERT INTO food_preference (food_id, cat_id) VALUES (5, 16);
INSERT INTO food_preference (food_id, cat_id) VALUES (5, 25);
INSERT INTO food_preference (food_id, cat_id) VALUES (5, 36);
INSERT INTO food_preference (food_id, cat_id) VALUES (5, 40);
INSERT INTO food_preference (food_id, cat_id) VALUES (5, 72);
INSERT INTO food_preference (food_id, cat_id) VALUES (5, 110);
INSERT INTO food_preference (food_id, cat_id) VALUES (5, 125);
INSERT INTO food_preference (food_id, cat_id) VALUES (5, 154);
INSERT INTO food_preference (food_id, cat_id) VALUES (5, 169);
INSERT INTO food_preference (food_id, cat_id) VALUES (5, 200);
INSERT INTO food_preference (food_id, cat_id) VALUES (5, 257);
INSERT INTO food_preference (food_id, cat_id) VALUES (5, 286);
INSERT INTO food_preference (food_id, cat_id) VALUES (5, 304);
INSERT INTO food_preference (food_id, cat_id) VALUES (5, 339);
INSERT INTO food_preference (food_id, cat_id) VALUES (5, 347);
INSERT INTO food_preference (food_id, cat_id) VALUES (5, 354);
INSERT INTO food_preference (food_id, cat_id) VALUES (5, 369);
INSERT INTO food_preference (food_id, cat_id) VALUES (6, 8);
INSERT INTO food_preference (food_id, cat_id) VALUES (6, 38);
INSERT INTO food_preference (food_id, cat_id) VALUES (6, 44);
INSERT INTO food_preference (food_id, cat_id) VALUES (6, 123);
INSERT INTO food_preference (food_id, cat_id) VALUES (6, 230);
INSERT INTO food_preference (food_id, cat_id) VALUES (6, 235);
INSERT INTO food_preference (food_id, cat_id) VALUES (6, 246);
INSERT INTO food_preference (food_id, cat_id) VALUES (6, 248);
INSERT INTO food_preference (food_id, cat_id) VALUES (6, 289);
INSERT INTO food_preference (food_id, cat_id) VALUES (6, 299);
INSERT INTO food_preference (food_id, cat_id) VALUES (6, 323);
INSERT INTO food_preference (food_id, cat_id) VALUES (6, 340);
INSERT INTO food_preference (food_id, cat_id) VALUES (7, 4);
INSERT INTO food_preference (food_id, cat_id) VALUES (7, 26);
INSERT INTO food_preference (food_id, cat_id) VALUES (7, 113);
INSERT INTO food_preference (food_id, cat_id) VALUES (7, 157);
INSERT INTO food_preference (food_id, cat_id) VALUES (7, 167);
INSERT INTO food_preference (food_id, cat_id) VALUES (7, 223);
INSERT INTO food_preference (food_id, cat_id) VALUES (8, 141);
INSERT INTO food_preference (food_id, cat_id) VALUES (8, 192);
INSERT INTO food_preference (food_id, cat_id) VALUES (8, 197);
INSERT INTO food_preference (food_id, cat_id) VALUES (8, 212);
INSERT INTO food_preference (food_id, cat_id) VALUES (8, 221);
INSERT INTO food_preference (food_id, cat_id) VALUES (8, 233);
INSERT INTO food_preference (food_id, cat_id) VALUES (8, 242);
INSERT INTO food_preference (food_id, cat_id) VALUES (8, 289);
INSERT INTO food_preference (food_id, cat_id) VALUES (8, 310);
INSERT INTO food_preference (food_id, cat_id) VALUES (8, 357);
INSERT INTO food_preference (food_id, cat_id) VALUES (8, 368);
INSERT INTO food_preference (food_id, cat_id) VALUES (9, 25);
INSERT INTO food_preference (food_id, cat_id) VALUES (9, 38);
INSERT INTO food_preference (food_id, cat_id) VALUES (9, 43);
INSERT INTO food_preference (food_id, cat_id) VALUES (9, 46);
INSERT INTO food_preference (food_id, cat_id) VALUES (9, 61);
INSERT INTO food_preference (food_id, cat_id) VALUES (9, 111);
INSERT INTO food_preference (food_id, cat_id) VALUES (9, 114);
INSERT INTO food_preference (food_id, cat_id) VALUES (9, 126);
INSERT INTO food_preference (food_id, cat_id) VALUES (9, 160);
INSERT INTO food_preference (food_id, cat_id) VALUES (9, 164);
INSERT INTO food_preference (food_id, cat_id) VALUES (9, 174);
INSERT INTO food_preference (food_id, cat_id) VALUES (9, 239);
INSERT INTO food_preference (food_id, cat_id) VALUES (9, 324);
INSERT INTO food_preference (food_id, cat_id) VALUES (10, 78);
INSERT INTO food_preference (food_id, cat_id) VALUES (10, 88);
INSERT INTO food_preference (food_id, cat_id) VALUES (10, 129);
INSERT INTO food_preference (food_id, cat_id) VALUES (10, 130);
INSERT INTO food_preference (food_id, cat_id) VALUES (10, 180);
INSERT INTO food_preference (food_id, cat_id) VALUES (10, 211);
INSERT INTO food_preference (food_id, cat_id) VALUES (10, 269);
INSERT INTO food_preference (food_id, cat_id) VALUES (10, 282);
INSERT INTO food_preference (food_id, cat_id) VALUES (10, 307);
INSERT INTO food_preference (food_id, cat_id) VALUES (10, 314);
INSERT INTO food_preference (food_id, cat_id) VALUES (10, 334);
INSERT INTO food_preference (food_id, cat_id) VALUES (10, 337);
INSERT INTO food_preference (food_id, cat_id) VALUES (11, 2);
INSERT INTO food_preference (food_id, cat_id) VALUES (11, 94);
INSERT INTO food_preference (food_id, cat_id) VALUES (11, 109);
INSERT INTO food_preference (food_id, cat_id) VALUES (11, 111);
INSERT INTO food_preference (food_id, cat_id) VALUES (11, 115);
INSERT INTO food_preference (food_id, cat_id) VALUES (11, 121);
INSERT INTO food_preference (food_id, cat_id) VALUES (11, 128);
INSERT INTO food_preference (food_id, cat_id) VALUES (11, 170);
INSERT INTO food_preference (food_id, cat_id) VALUES (11, 214);
INSERT INTO food_preference (food_id, cat_id) VALUES (11, 268);
INSERT INTO food_preference (food_id, cat_id) VALUES (12, 16);
INSERT INTO food_preference (food_id, cat_id) VALUES (12, 20);
INSERT INTO food_preference (food_id, cat_id) VALUES (12, 28);
INSERT INTO food_preference (food_id, cat_id) VALUES (12, 29);
INSERT INTO food_preference (food_id, cat_id) VALUES (12, 37);
INSERT INTO food_preference (food_id, cat_id) VALUES (12, 51);
INSERT INTO food_preference (food_id, cat_id) VALUES (12, 54);
INSERT INTO food_preference (food_id, cat_id) VALUES (12, 236);
INSERT INTO food_preference (food_id, cat_id) VALUES (12, 279);
INSERT INTO food_preference (food_id, cat_id) VALUES (12, 309);
INSERT INTO food_preference (food_id, cat_id) VALUES (13, 11);
INSERT INTO food_preference (food_id, cat_id) VALUES (13, 34);
INSERT INTO food_preference (food_id, cat_id) VALUES (13, 43);
INSERT INTO food_preference (food_id, cat_id) VALUES (13, 80);
INSERT INTO food_preference (food_id, cat_id) VALUES (13, 143);
INSERT INTO food_preference (food_id, cat_id) VALUES (13, 174);
INSERT INTO food_preference (food_id, cat_id) VALUES (13, 213);
INSERT INTO food_preference (food_id, cat_id) VALUES (13, 249);
INSERT INTO food_preference (food_id, cat_id) VALUES (13, 307);
INSERT INTO food_preference (food_id, cat_id) VALUES (13, 321);
INSERT INTO food_preference (food_id, cat_id) VALUES (13, 327);
INSERT INTO food_preference (food_id, cat_id) VALUES (13, 338);
INSERT INTO food_preference (food_id, cat_id) VALUES (13, 356);
INSERT INTO food_preference (food_id, cat_id) VALUES (14, 52);
INSERT INTO food_preference (food_id, cat_id) VALUES (14, 82);
INSERT INTO food_preference (food_id, cat_id) VALUES (14, 214);
INSERT INTO food_preference (food_id, cat_id) VALUES (14, 287);
INSERT INTO food_preference (food_id, cat_id) VALUES (14, 290);
INSERT INTO food_preference (food_id, cat_id) VALUES (14, 322);
INSERT INTO food_preference (food_id, cat_id) VALUES (14, 333);
INSERT INTO food_preference (food_id, cat_id) VALUES (14, 334);
INSERT INTO food_preference (food_id, cat_id) VALUES (15, 2);
INSERT INTO food_preference (food_id, cat_id) VALUES (15, 27);
INSERT INTO food_preference (food_id, cat_id) VALUES (15, 28);
INSERT INTO food_preference (food_id, cat_id) VALUES (15, 59);
INSERT INTO food_preference (food_id, cat_id) VALUES (15, 61);
INSERT INTO food_preference (food_id, cat_id) VALUES (15, 84);
INSERT INTO food_preference (food_id, cat_id) VALUES (15, 114);
INSERT INTO food_preference (food_id, cat_id) VALUES (15, 125);
INSERT INTO food_preference (food_id, cat_id) VALUES (15, 151);
INSERT INTO food_preference (food_id, cat_id) VALUES (15, 156);
INSERT INTO food_preference (food_id, cat_id) VALUES (15, 174);
INSERT INTO food_preference (food_id, cat_id) VALUES (15, 198);
INSERT INTO food_preference (food_id, cat_id) VALUES (15, 219);
INSERT INTO food_preference (food_id, cat_id) VALUES (15, 220);
INSERT INTO food_preference (food_id, cat_id) VALUES (15, 249);
INSERT INTO food_preference (food_id, cat_id) VALUES (15, 299);
INSERT INTO food_preference (food_id, cat_id) VALUES (15, 331);
INSERT INTO food_preference (food_id, cat_id) VALUES (16, 30);
INSERT INTO food_preference (food_id, cat_id) VALUES (16, 33);
INSERT INTO food_preference (food_id, cat_id) VALUES (16, 69);
INSERT INTO food_preference (food_id, cat_id) VALUES (16, 113);
INSERT INTO food_preference (food_id, cat_id) VALUES (16, 124);
INSERT INTO food_preference (food_id, cat_id) VALUES (16, 131);
INSERT INTO food_preference (food_id, cat_id) VALUES (16, 138);
INSERT INTO food_preference (food_id, cat_id) VALUES (16, 159);
INSERT INTO food_preference (food_id, cat_id) VALUES (16, 177);
INSERT INTO food_preference (food_id, cat_id) VALUES (16, 199);
INSERT INTO food_preference (food_id, cat_id) VALUES (16, 216);
INSERT INTO food_preference (food_id, cat_id) VALUES (16, 251);
INSERT INTO food_preference (food_id, cat_id) VALUES (16, 290);
INSERT INTO food_preference (food_id, cat_id) VALUES (16, 311);
INSERT INTO food_preference (food_id, cat_id) VALUES (16, 349);
INSERT INTO food_preference (food_id, cat_id) VALUES (16, 351);
INSERT INTO food_preference (food_id, cat_id) VALUES (17, 17);
INSERT INTO food_preference (food_id, cat_id) VALUES (17, 164);
INSERT INTO food_preference (food_id, cat_id) VALUES (17, 180);
INSERT INTO food_preference (food_id, cat_id) VALUES (17, 200);
INSERT INTO food_preference (food_id, cat_id) VALUES (17, 255);
INSERT INTO food_preference (food_id, cat_id) VALUES (17, 307);
INSERT INTO food_preference (food_id, cat_id) VALUES (17, 329);
INSERT INTO food_preference (food_id, cat_id) VALUES (17, 358);
INSERT INTO food_preference (food_id, cat_id) VALUES (17, 372);
INSERT INTO food_preference (food_id, cat_id) VALUES (18, 93);
INSERT INTO food_preference (food_id, cat_id) VALUES (18, 148);
INSERT INTO food_preference (food_id, cat_id) VALUES (18, 177);
INSERT INTO food_preference (food_id, cat_id) VALUES (18, 219);
INSERT INTO food_preference (food_id, cat_id) VALUES (18, 246);
INSERT INTO food_preference (food_id, cat_id) VALUES (18, 247);
INSERT INTO food_preference (food_id, cat_id) VALUES (18, 282);
INSERT INTO food_preference (food_id, cat_id) VALUES (18, 287);
INSERT INTO food_preference (food_id, cat_id) VALUES (18, 306);
INSERT INTO food_preference (food_id, cat_id) VALUES (18, 369);
INSERT INTO food_preference (food_id, cat_id) VALUES (19, 1);
INSERT INTO food_preference (food_id, cat_id) VALUES (19, 22);
INSERT INTO food_preference (food_id, cat_id) VALUES (19, 39);
INSERT INTO food_preference (food_id, cat_id) VALUES (19, 59);
INSERT INTO food_preference (food_id, cat_id) VALUES (19, 107);
INSERT INTO food_preference (food_id, cat_id) VALUES (19, 114);
INSERT INTO food_preference (food_id, cat_id) VALUES (19, 124);
INSERT INTO food_preference (food_id, cat_id) VALUES (19, 151);
INSERT INTO food_preference (food_id, cat_id) VALUES (19, 205);
INSERT INTO food_preference (food_id, cat_id) VALUES (19, 229);
INSERT INTO food_preference (food_id, cat_id) VALUES (19, 254);
INSERT INTO food_preference (food_id, cat_id) VALUES (19, 295);
INSERT INTO food_preference (food_id, cat_id) VALUES (19, 332);
INSERT INTO food_preference (food_id, cat_id) VALUES (20, 16);
INSERT INTO food_preference (food_id, cat_id) VALUES (20, 42);
INSERT INTO food_preference (food_id, cat_id) VALUES (20, 43);
INSERT INTO food_preference (food_id, cat_id) VALUES (20, 88);
INSERT INTO food_preference (food_id, cat_id) VALUES (20, 95);
INSERT INTO food_preference (food_id, cat_id) VALUES (20, 117);
INSERT INTO food_preference (food_id, cat_id) VALUES (20, 123);
INSERT INTO food_preference (food_id, cat_id) VALUES (20, 125);
INSERT INTO food_preference (food_id, cat_id) VALUES (20, 205);
INSERT INTO food_preference (food_id, cat_id) VALUES (20, 212);
INSERT INTO food_preference (food_id, cat_id) VALUES (20, 229);
INSERT INTO food_preference (food_id, cat_id) VALUES (20, 243);
INSERT INTO food_preference (food_id, cat_id) VALUES (20, 256);
INSERT INTO food_preference (food_id, cat_id) VALUES (20, 268);
INSERT INTO food_preference (food_id, cat_id) VALUES (20, 282);
INSERT INTO food_preference (food_id, cat_id) VALUES (21, 29);
INSERT INTO food_preference (food_id, cat_id) VALUES (21, 46);
INSERT INTO food_preference (food_id, cat_id) VALUES (21, 69);
INSERT INTO food_preference (food_id, cat_id) VALUES (21, 84);
INSERT INTO food_preference (food_id, cat_id) VALUES (21, 124);
INSERT INTO food_preference (food_id, cat_id) VALUES (21, 135);
INSERT INTO food_preference (food_id, cat_id) VALUES (21, 138);
INSERT INTO food_preference (food_id, cat_id) VALUES (21, 139);
INSERT INTO food_preference (food_id, cat_id) VALUES (21, 171);
INSERT INTO food_preference (food_id, cat_id) VALUES (21, 224);
INSERT INTO food_preference (food_id, cat_id) VALUES (21, 240);
INSERT INTO food_preference (food_id, cat_id) VALUES (21, 265);
INSERT INTO food_preference (food_id, cat_id) VALUES (21, 291);
INSERT INTO food_preference (food_id, cat_id) VALUES (21, 295);
INSERT INTO food_preference (food_id, cat_id) VALUES (22, 33);
INSERT INTO food_preference (food_id, cat_id) VALUES (22, 119);
INSERT INTO food_preference (food_id, cat_id) VALUES (22, 128);
INSERT INTO food_preference (food_id, cat_id) VALUES (22, 145);
INSERT INTO food_preference (food_id, cat_id) VALUES (22, 163);
INSERT INTO food_preference (food_id, cat_id) VALUES (22, 195);
INSERT INTO food_preference (food_id, cat_id) VALUES (22, 207);
INSERT INTO food_preference (food_id, cat_id) VALUES (22, 210);
INSERT INTO food_preference (food_id, cat_id) VALUES (22, 213);

--работники
INSERT INTO employer (id, name, birthday, salary, employing_date) VALUES (1, 'Брежнева Владислава Марковна', '1999-10-07 23:31:18', 23462, '2019-12-13 22:07:44');
INSERT INTO employer (id, name, birthday, salary, employing_date) VALUES (2, 'Яров Агафон Тихонович ', '1997-04-26 02:40:41', 34861, '2020-01-10 23:25:20');
INSERT INTO employer (id, name, birthday, salary, employing_date) VALUES (3, 'Курдикова Марфа Евгениевна', '1987-01-26 02:10:27', 15498, '2016-02-08 23:03:04');
INSERT INTO employer (id, name, birthday, salary, employing_date) VALUES (4, 'Легкодимова Агафья Данилевна ', '1982-06-07 19:53:50', 53270, '2015-06-12 05:31:25');
INSERT INTO employer (id, name, birthday, salary, employing_date) VALUES (5, 'Сигаев Елизар Тихонович ', '1998-06-25 15:54:13', 53534, '2017-03-14 19:01:29');
INSERT INTO employer (id, name, birthday, salary, employing_date) VALUES (6, 'Илюшина Ираида Яновна ', '1995-04-08 05:25:34', 19115, '2014-11-02 18:51:20');
INSERT INTO employer (id, name, birthday, salary, employing_date) VALUES (7, 'Большова Аза Михеевна ', '1997-12-22 09:23:01', 50962, '2017-08-08 00:15:13');
INSERT INTO employer (id, name, birthday, salary, employing_date) VALUES (8, 'Бочкарёв Чеслав Данилевич ', '1989-09-19 09:59:18', 16211, '2014-08-26 05:20:59');
INSERT INTO employer (id, name, birthday, salary, employing_date) VALUES (9, 'Кудяшова Пелагея Петровна ', '1998-12-03 20:24:05', 23854, '2017-11-11 10:09:04');
INSERT INTO employer (id, name, birthday, salary, employing_date) VALUES (10, 'Денисова Евгения Елизаровна ', '1988-02-10 23:49:04', 40971, '2012-07-22 17:46:58');
INSERT INTO employer (id, name, birthday, salary, employing_date) VALUES (11, 'Комиссарова Валерия Владиленовна ', '1986-07-10 21:58:20', 20643, '2007-08-15 17:54:26');
INSERT INTO employer (id, name, birthday, salary, employing_date) VALUES (12, 'Щередин Даниил Родионович ', '1982-09-28 14:06:08', 53537, '2016-09-12 15:37:49');
INSERT INTO employer (id, name, birthday, salary, employing_date) VALUES (13, 'Дубинкина Зоя Константиновна ', '1981-02-05 01:10:07', 15890, '2010-10-22 12:04:36');
INSERT INTO employer (id, name, birthday, salary, employing_date) VALUES (14, 'Жжёнова Виктория Александровна ', '1985-10-05 01:30:44', 28657, '2018-07-03 21:42:03');
INSERT INTO employer (id, name, birthday, salary, employing_date) VALUES (15, 'Пушкарёв Феофан Глебович ', '1995-10-22 08:41:39', 39685, '2020-06-06 06:44:59');
INSERT INTO employer (id, name, birthday, salary, employing_date) VALUES (16, 'Пузакова Зоя Василиевна ', '1994-01-21 13:22:00', 18990, '2015-12-01 03:22:00');
INSERT INTO employer (id, name, birthday, salary, employing_date) VALUES (17, 'Катков Богдан Ильевич ', '1984-06-05 05:27:17', 46402, '2008-03-03 01:24:15');
INSERT INTO employer (id, name, birthday, salary, employing_date) VALUES (18, 'Сиянгулов Арсений Всеволодович ', '1995-10-09 12:25:03', 21799, '2020-02-04 09:35:57');
INSERT INTO employer (id, name, birthday, salary, employing_date) VALUES (19, 'Язев Андриян Моисеевич ', '2001-10-06 15:40:06', 50731, '2020-06-13 23:51:38');
INSERT INTO employer (id, name, birthday, salary, employing_date) VALUES (20, 'Илюшина Ираида Яновна ', '1982-04-12 08:19:20', 24192, '2014-12-19 15:58:26');
INSERT INTO employer (id, name, birthday, salary, employing_date) VALUES (21, 'Голубев Елизар Серафимович ', '1998-05-16 17:17:46', 16424, '2016-07-11 00:58:17');
INSERT INTO employer (id, name, birthday, salary, employing_date) VALUES (22, 'Голодяев Прокофий Игнатиевич', '1985-02-05 06:57:25', 52235, '2016-07-22 09:32:45');
INSERT INTO employer (id, name, birthday, salary, employing_date) VALUES (23, 'Лысова Влада Святославовна ', '1991-03-08 03:10:03', 37104, '2014-06-05 09:56:39');
INSERT INTO employer (id, name, birthday, salary, employing_date) VALUES (24, 'Серпионов Вацлав Никанорович ', '1991-03-05 02:24:11', 49171, '2019-04-28 02:44:09');
INSERT INTO employer (id, name, birthday, salary, employing_date) VALUES (25, 'Арданкина Изольда Федотовна ', '1987-03-04 18:09:50', 31759, '2018-05-12 02:51:41');
INSERT INTO employer (id, name, birthday, salary, employing_date) VALUES (26, 'Левтева Влада Якововна ', '1997-11-22 19:10:26', 48734, '2018-07-01 14:09:52');
INSERT INTO employer (id, name, birthday, salary, employing_date) VALUES (27, 'Яблочкова Эмма Данилевна ', '1997-11-23 17:53:57', 20045, '2017-01-05 13:43:57');
INSERT INTO employer (id, name, birthday, salary, employing_date) VALUES (28, 'Жжёнова Виктория Александровна ', '1981-08-14 10:26:02', 46519, '2012-12-13 11:53:18');
INSERT INTO employer (id, name, birthday, salary, employing_date) VALUES (29, 'Дуров Ярослав Венедиктович ', '1994-06-05 07:49:54', 43420, '2016-03-13 04:06:00');
INSERT INTO employer (id, name, birthday, salary, employing_date) VALUES (30, 'Клименко Ирина Георгиевна ', '1992-03-27 13:02:12', 36494, '2016-12-24 02:15:52');
INSERT INTO employer (id, name, birthday, salary, employing_date) VALUES (31, 'Катков Богдан Ильевич ', '1986-08-27 05:32:16', 42101, '2018-09-17 12:05:09');
INSERT INTO employer (id, name, birthday, salary, employing_date) VALUES (32, 'Шакмакова Александра Якововна ', '1984-12-09 21:37:53', 49046, '2007-06-15 11:06:54');
INSERT INTO employer (id, name, birthday, salary, employing_date) VALUES (33, 'Шакмакова Александра Якововна ', '1988-02-29 19:07:34', 27894, '2010-12-03 14:46:57');
INSERT INTO employer (id, name, birthday, salary, employing_date) VALUES (34, 'Сорокина Тамара Романовна ', '1998-05-27 06:51:41', 29847, '2020-11-05 11:34:22');
INSERT INTO employer (id, name, birthday, salary, employing_date) VALUES (35, 'Бочкарёв Чеслав Данилевич ', '2000-05-31 18:20:14', 22220, '2019-09-11 14:21:17');
INSERT INTO employer (id, name, birthday, salary, employing_date) VALUES (36, 'Беликов Тарас Якубович', '1987-06-10 05:13:57', 51073, '2012-01-29 17:35:22');
INSERT INTO employer (id, name, birthday, salary, employing_date) VALUES (37, 'Мерзлов Мирослав Елисеевич ', '1983-08-25 22:53:43', 52387, '2019-02-12 00:53:12');
INSERT INTO employer (id, name, birthday, salary, employing_date) VALUES (38, 'Бунин Якуб Эрнстович ', '1988-07-10 06:52:41', 43675, '2019-07-10 16:51:13');
INSERT INTO employer (id, name, birthday, salary, employing_date) VALUES (39, 'Яскунов Август Тихонович ', '1998-06-14 21:45:20', 19629, '2019-10-25 17:19:36');
INSERT INTO employer (id, name, birthday, salary, employing_date) VALUES (40, 'Гавшина Клара Василиевна ', '1993-01-16 11:19:37', 40354, '2019-04-29 19:31:00');
INSERT INTO employer (id, name, birthday, salary, employing_date) VALUES (41, 'Тихонов Владислав Титович ', '1985-12-10 01:22:29', 23179, '2018-02-02 14:19:01');
INSERT INTO employer (id, name, birthday, salary, employing_date) VALUES (42, 'Бялик Геннадий Брониславович ', '1992-11-19 19:09:03', 49034, '2018-08-11 16:03:09');
INSERT INTO employer (id, name, birthday, salary, employing_date) VALUES (43, 'Бибиков Остап Эрнестович ', '1998-03-26 20:50:17', 38672, '2016-08-20 16:00:50');
INSERT INTO employer (id, name, birthday, salary, employing_date) VALUES (44, 'Щербатыха Людмила Алексеевна', '1987-12-04 09:31:17', 25935, '2008-07-23 04:56:39');
INSERT INTO employer (id, name, birthday, salary, employing_date) VALUES (45, 'Липова Владислава Феликсовна', '1990-10-26 06:02:55', 24709, '2014-04-22 23:49:38');
INSERT INTO employer (id, name, birthday, salary, employing_date) VALUES (46, 'Желвакова Кристина Иларионовна ', '1997-05-15 05:01:40', 41201, '2015-05-20 13:44:00');
INSERT INTO employer (id, name, birthday, salary, employing_date) VALUES (47, 'Дёшина Ефросиния Георгиевна ', '1993-04-01 03:31:18', 52014, '2017-07-11 16:30:27');
INSERT INTO employer (id, name, birthday, salary, employing_date) VALUES (48, 'Клименко Ирина Георгиевна ', '1989-05-26 16:13:45', 22226, '2020-09-29 19:32:47');
INSERT INTO employer (id, name, birthday, salary, employing_date) VALUES (49, 'Большова Аза Михеевна ', '1986-04-24 09:27:56', 17519, '2017-02-02 23:44:14');
INSERT INTO employer (id, name, birthday, salary, employing_date) VALUES (50, 'Арданкина Изольда Федотовна ', '1995-06-05 23:32:56', 46911, '2016-12-19 23:39:25');
INSERT INTO employer (id, name, birthday, salary, employing_date) VALUES (51, 'Дуболадов Антип Тарасович', '1991-12-03 12:43:13', 24804, '2014-07-26 02:05:07');
INSERT INTO employer (id, name, birthday, salary, employing_date) VALUES (52, 'Лысова Влада Святославовна ', '1988-10-25 15:05:28', 53072, '2012-12-12 21:49:17');
INSERT INTO employer (id, name, birthday, salary, employing_date) VALUES (53, 'Дуров Ярослав Венедиктович ', '1994-01-13 12:14:18', 47278, '2020-03-13 15:15:55');
INSERT INTO employer (id, name, birthday, salary, employing_date) VALUES (54, 'Язева Галина Данииловна ', '1982-06-07 01:55:20', 17812, '2008-03-05 17:52:21');
INSERT INTO employer (id, name, birthday, salary, employing_date) VALUES (55, 'Серёгина Ефросинья Глебовна ', '1998-10-02 04:28:32', 23121, '2018-11-08 09:20:50');
INSERT INTO employer (id, name, birthday, salary, employing_date) VALUES (56, 'Левтева Влада Якововна ', '1989-01-13 05:36:30', 21118, '2015-05-23 17:01:55');
INSERT INTO employer (id, name, birthday, salary, employing_date) VALUES (57, 'Пузакова Зоя Василиевна ', '1984-10-15 04:21:17', 50588, '2019-11-22 15:26:14');
INSERT INTO employer (id, name, birthday, salary, employing_date) VALUES (58, 'Комиссарова Валерия Владиленовна ', '1997-05-07 06:00:36', 30883, '2016-01-14 10:13:05');
INSERT INTO employer (id, name, birthday, salary, employing_date) VALUES (59, 'Суружу Юнона Игнатиевна ', '1993-03-04 07:30:10', 24932, '2012-02-20 21:11:32');
INSERT INTO employer (id, name, birthday, salary, employing_date) VALUES (60, 'Пузакова Зоя Василиевна ', '1988-05-14 13:59:11', 40658, '2016-09-06 20:39:29');
INSERT INTO employer (id, name, birthday, salary, employing_date) VALUES (61, 'Пушкарёв Феофан Глебович ', '1981-04-05 08:48:11', 28031, '2016-10-08 21:04:09');
INSERT INTO employer (id, name, birthday, salary, employing_date) VALUES (62, 'Драгомиров Прокофий Еремеевич ', '1985-09-13 17:00:52', 33152, '2018-09-18 11:10:26');
INSERT INTO employer (id, name, birthday, salary, employing_date) VALUES (63, 'Серпионов Вацлав Никанорович ', '1986-05-10 22:12:17', 33286, '2017-04-21 22:05:05');
INSERT INTO employer (id, name, birthday, salary, employing_date) VALUES (64, 'Королева Изольда Данилевна ', '1988-02-26 00:08:55', 43202, '2013-09-04 21:24:44');
INSERT INTO employer (id, name, birthday, salary, employing_date) VALUES (65, 'Суружу Юнона Игнатиевна ', '1985-06-22 20:22:09', 33737, '2008-11-20 07:34:06');
INSERT INTO employer (id, name, birthday, salary, employing_date) VALUES (66, 'Беликов Тарас Якубович', '1994-05-16 01:15:39', 23765, '2020-03-22 06:19:11');
INSERT INTO employer (id, name, birthday, salary, employing_date) VALUES (67, 'Яров Агафон Тихонович ', '1995-03-07 19:21:00', 31390, '2016-05-27 21:42:34');
INSERT INTO employer (id, name, birthday, salary, employing_date) VALUES (68, 'Канадина Нина Вячеславовна ', '1984-11-08 09:15:11', 29809, '2016-12-03 14:18:02');
INSERT INTO employer (id, name, birthday, salary, employing_date) VALUES (69, 'Сигаев Елизар Тихонович ', '1995-07-31 18:09:35', 30268, '2016-06-16 07:40:31');
INSERT INTO employer (id, name, birthday, salary, employing_date) VALUES (70, 'Бандуркин Фока Никонович', '1992-03-19 20:47:54', 17029, '2018-08-06 18:36:15');
INSERT INTO employer (id, name, birthday, salary, employing_date) VALUES (71, 'Мерзлов Мирослав Елисеевич ', '1994-05-17 02:58:15', 43255, '2018-04-05 09:26:39');
INSERT INTO employer (id, name, birthday, salary, employing_date) VALUES (72, 'Сычёва Евгения Елизаровна ', '1985-01-27 17:12:36', 15208, '2011-02-13 10:12:15');
INSERT INTO employer (id, name, birthday, salary, employing_date) VALUES (73, 'Михалицын Филипп Титович', '1981-02-01 11:13:41', 50293, '2011-06-18 18:29:38');
INSERT INTO employer (id, name, birthday, salary, employing_date) VALUES (74, 'Пузакова Зоя Василиевна ', '1987-01-09 10:59:20', 49328, '2017-03-06 05:01:24');
INSERT INTO employer (id, name, birthday, salary, employing_date) VALUES (75, 'Липова Владислава Феликсовна', '1996-05-14 11:14:15', 21756, '2017-11-18 12:32:01');
INSERT INTO employer (id, name, birthday, salary, employing_date) VALUES (76, 'Ромазанов Сергей Фролович ', '1986-06-30 08:27:51', 29130, '2014-03-28 21:40:42');
INSERT INTO employer (id, name, birthday, salary, employing_date) VALUES (77, 'Нечаева Всеслава Тимофеевна ', '1990-03-19 10:08:53', 15512, '2013-04-04 22:37:17');
INSERT INTO employer (id, name, birthday, salary, employing_date) VALUES (78, 'Дуров Ярослав Венедиктович ', '1995-04-21 18:26:38', 29554, '2019-12-02 18:06:05');
INSERT INTO employer (id, name, birthday, salary, employing_date) VALUES (79, 'Королева Изольда Данилевна ', '1983-08-18 10:47:35', 16822, '2012-08-03 21:18:10');
INSERT INTO employer (id, name, birthday, salary, employing_date) VALUES (80, 'Тихонов Владислав Титович ', '1993-01-15 00:59:19', 18339, '2017-09-07 20:06:23');
INSERT INTO employer (id, name, birthday, salary, employing_date) VALUES (81, 'Сахаровский Лаврентий Гордеевич ', '1996-02-29 17:32:08', 46650, '2018-04-10 23:50:22');
INSERT INTO employer (id, name, birthday, salary, employing_date) VALUES (82, 'Язева Галина Данииловна ', '2001-10-08 21:32:57', 18706, '2020-01-10 04:39:27');
INSERT INTO employer (id, name, birthday, salary, employing_date) VALUES (83, 'Яров Агафон Тихонович ', '1993-04-29 06:28:33', 42162, '2013-01-26 17:16:55');
INSERT INTO employer (id, name, birthday, salary, employing_date) VALUES (84, 'Левтева Влада Якововна ', '1996-02-11 15:39:29', 35980, '2014-08-10 20:14:56');
INSERT INTO employer (id, name, birthday, salary, employing_date) VALUES (85, 'Язвецова Арина Иларионовна ', '1986-01-13 16:59:28', 19507, '2007-02-19 20:28:44');
INSERT INTO employer (id, name, birthday, salary, employing_date) VALUES (86, 'Яскунов Август Тихонович ', '1993-10-17 22:11:43', 28670, '2017-07-05 20:25:29');
INSERT INTO employer (id, name, birthday, salary, employing_date) VALUES (87, 'Комиссарова Валерия Владиленовна ', '1999-05-04 09:41:38', 28984, '2019-11-18 10:07:24');
INSERT INTO employer (id, name, birthday, salary, employing_date) VALUES (88, 'Замятин Юлий Геннадиевич ', '1991-10-03 13:21:17', 48554, '2018-11-17 21:49:03');
INSERT INTO employer (id, name, birthday, salary, employing_date) VALUES (89, 'Клименко Ирина Георгиевна ', '1987-05-01 00:00:56', 24177, '2019-06-04 21:34:21');
INSERT INTO employer (id, name, birthday, salary, employing_date) VALUES (90, 'Ахметов Кузьма Касьянович ', '1991-03-22 09:29:49', 43709, '2016-09-07 13:13:08');
INSERT INTO employer (id, name, birthday, salary, employing_date) VALUES (91, 'Козина Оксана  Германовна ', '1988-04-15 20:46:21', 23636, '2020-02-19 23:03:09');
INSERT INTO employer (id, name, birthday, salary, employing_date) VALUES (92, 'Яимова Майя Антониновна ', '1987-05-15 00:59:10', 48557, '2007-10-30 16:55:53');
INSERT INTO employer (id, name, birthday, salary, employing_date) VALUES (93, 'Поджио Ираида Елисеевна ', '1994-06-02 05:24:54', 47606, '2016-06-06 08:39:17');
INSERT INTO employer (id, name, birthday, salary, employing_date) VALUES (94, 'Замятин Юлий Геннадиевич ', '1996-03-17 20:15:46', 44783, '2019-10-08 02:37:02');
INSERT INTO employer (id, name, birthday, salary, employing_date) VALUES (95, 'Драгомиров Прокофий Еремеевич ', '1998-07-21 09:10:58', 43424, '2020-09-27 04:21:47');
INSERT INTO employer (id, name, birthday, salary, employing_date) VALUES (96, 'Щербатыха Людмила Алексеевна', '1985-01-23 11:04:09', 36334, '2009-05-12 11:21:43');
INSERT INTO employer (id, name, birthday, salary, employing_date) VALUES (97, 'Унковский Сократ Наумович ', '1991-08-06 12:00:43', 53810, '2014-03-03 18:53:34');
INSERT INTO employer (id, name, birthday, salary, employing_date) VALUES (98, 'Унковский Сократ Наумович ', '1982-02-11 03:40:28', 39581, '2009-07-10 06:42:44');
INSERT INTO employer (id, name, birthday, salary, employing_date) VALUES (99, 'Ромазанов Сергей Фролович ', '1987-05-16 10:14:51', 39970, '2018-02-06 19:45:22');
INSERT INTO employer (id, name, birthday, salary, employing_date) VALUES (100, 'Ижутин Трофим Герасимович ', '1990-05-23 10:01:28', 16227, '2017-09-04 22:43:19');
INSERT INTO employer (id, name, birthday, salary, employing_date) VALUES (101, 'Замятин Юлий Геннадиевич ', '1984-02-05 09:41:02', 51243, '2020-02-06 16:58:35');
INSERT INTO employer (id, name, birthday, salary, employing_date) VALUES (102, 'Морозова Роза Василиевна ', '1987-04-13 05:08:42', 34357, '2010-01-06 11:43:13');
INSERT INTO employer (id, name, birthday, salary, employing_date) VALUES (103, 'Бичурин Тимур Ульянович ', '1992-05-19 11:13:49', 23824, '2019-09-05 11:15:03');
INSERT INTO employer (id, name, birthday, salary, employing_date) VALUES (104, 'Гавшина Клара Василиевна ', '1985-08-03 17:21:38', 38031, '2007-12-27 08:51:34');
INSERT INTO employer (id, name, birthday, salary, employing_date) VALUES (105, 'Канадина Нина Вячеславовна ', '1985-11-27 13:56:46', 22768, '2010-11-12 11:15:23');
INSERT INTO employer (id, name, birthday, salary, employing_date) VALUES (106, 'Пузакова Зоя Василиевна ', '1986-09-27 12:35:33', 27540, '2007-03-21 17:06:14');
INSERT INTO employer (id, name, birthday, salary, employing_date) VALUES (107, 'Каменева Любовь Захаровна ', '1992-05-04 09:34:56', 40967, '2016-09-10 22:29:30');
INSERT INTO employer (id, name, birthday, salary, employing_date) VALUES (108, 'Королева Изольда Данилевна ', '1991-09-20 09:34:02', 33431, '2017-10-26 21:41:03');
INSERT INTO employer (id, name, birthday, salary, employing_date) VALUES (109, 'Шапиро Дина Тихоновна ', '1991-05-23 11:32:35', 38464, '2018-03-01 13:39:37');
INSERT INTO employer (id, name, birthday, salary, employing_date) VALUES (110, 'Морозова Роза Василиевна ', '1989-04-26 10:33:05', 52815, '2017-01-23 17:43:24');
INSERT INTO employer (id, name, birthday, salary, employing_date) VALUES (111, 'Дуболадов Антип Тарасович', '1994-03-31 17:48:34', 37687, '2020-01-09 16:57:48');
INSERT INTO employer (id, name, birthday, salary, employing_date) VALUES (112, 'Комиссарова Валерия Владиленовна ', '2001-10-23 02:13:11', 20348, '2020-11-03 06:58:08');
INSERT INTO employer (id, name, birthday, salary, employing_date) VALUES (113, 'Москвитина Анисья Николаевна', '1983-07-27 02:14:43', 54906, '2007-08-28 17:21:59');
INSERT INTO employer (id, name, birthday, salary, employing_date) VALUES (114, 'Султанова Ольга Давидовна ', '1993-09-25 12:20:13', 48489, '2017-03-01 20:21:30');
INSERT INTO employer (id, name, birthday, salary, employing_date) VALUES (115, 'Сидоров Сергей Юриевич ', '2002-08-30 11:11:54', 35092, '2020-11-15 15:27:55');
INSERT INTO employer (id, name, birthday, salary, employing_date) VALUES (116, 'Дубинкина Зоя Константиновна', '2002-10-27 12:29:40', 33934, '2020-10-27 20:19:37');
INSERT INTO employer (id, name, birthday, salary, employing_date) VALUES (117, 'Ромазанов Сергей Фролович ', '1995-02-18 05:22:56', 46276, '2018-09-03 18:58:40');
INSERT INTO employer (id, name, birthday, salary, employing_date) VALUES (118, 'Морозова Роза Василиевна ', '1988-03-06 15:56:24', 34007, '2018-06-01 21:21:03');
INSERT INTO employer (id, name, birthday, salary, employing_date) VALUES (119, 'Негеса Юнона Ипполитовна ', '1985-09-18 13:48:49', 38225, '2019-10-07 07:01:14');
INSERT INTO employer (id, name, birthday, salary, employing_date) VALUES (120, 'Пузакова Зоя Василиевна ', '1990-07-15 11:17:44', 40406, '2016-09-16 11:22:47');
INSERT INTO employer (id, name, birthday, salary, employing_date) VALUES (121, 'Яскунов Август Тихонович ', '1996-11-30 08:19:33', 16638, '2018-09-22 01:36:56');
INSERT INTO employer (id, name, birthday, salary, employing_date) VALUES (122, 'Дёшина Ефросиния Георгиевна ', '1996-02-08 14:39:58', 22545, '2019-09-19 01:00:17');
INSERT INTO employer (id, name, birthday, salary, employing_date) VALUES (123, 'Акулиничев Валерий Брониславович ', '1985-02-14 11:50:44', 44803, '2006-05-05 19:09:08');
INSERT INTO employer (id, name, birthday, salary, employing_date) VALUES (124, 'Ахметов Кузьма Касьянович ', '1996-01-06 20:59:27', 42638, '2017-08-11 16:55:53');
INSERT INTO employer (id, name, birthday, salary, employing_date) VALUES (125, 'Легкодимова Агафья Данилевна ', '1995-05-23 21:13:37', 18329, '2020-07-21 02:10:05');
INSERT INTO employer (id, name, birthday, salary, employing_date) VALUES (126, 'Нечаева Всеслава Тимофеевна ', '2002-11-06 08:44:52', 40649, '2020-11-11 15:28:30');
INSERT INTO employer (id, name, birthday, salary, employing_date) VALUES (127, 'Язев Андриян Моисеевич ', '1988-06-10 19:21:49', 23245, '2007-08-27 14:53:23');
INSERT INTO employer (id, name, birthday, salary, employing_date) VALUES (128, 'Дуболадов Антип Тарасович', '1995-12-12 08:41:43', 43815, '2017-02-03 08:19:28');
INSERT INTO employer (id, name, birthday, salary, employing_date) VALUES (129, 'Пузакова Зоя Василиевна ', '1997-03-07 18:02:46', 21556, '2018-07-04 15:55:04');
INSERT INTO employer (id, name, birthday, salary, employing_date) VALUES (130, 'Ижутин Трофим Герасимович ', '1981-05-25 23:03:20', 15726, '2007-04-21 23:51:02');
INSERT INTO employer (id, name, birthday, salary, employing_date) VALUES (131, 'Жутов Назар Куприянович ', '1984-12-12 13:54:59', 44686, '2007-07-19 23:20:41');
INSERT INTO employer (id, name, birthday, salary, employing_date) VALUES (132, 'Бурякова Изольда Несторовна ', '1984-04-28 04:52:51', 50383, '2014-07-10 21:59:09');
INSERT INTO employer (id, name, birthday, salary, employing_date) VALUES (133, 'Денисова Евгения Елизаровна ', '1987-10-11 11:33:39', 43361, '2013-10-05 10:41:51');
INSERT INTO employer (id, name, birthday, salary, employing_date) VALUES (134, 'Пушкарёв Феофан Глебович ', '1988-08-24 16:55:45', 16524, '2015-06-07 11:34:17');
INSERT INTO employer (id, name, birthday, salary, employing_date) VALUES (135, 'Яимова Майя Антониновна ', '1991-04-06 20:33:51', 34715, '2018-07-28 23:45:44');
INSERT INTO employer (id, name, birthday, salary, employing_date) VALUES (136, 'Язева Галина Данииловна ', '1984-04-11 11:12:38', 44095, '2018-11-10 13:01:24');
INSERT INTO employer (id, name, birthday, salary, employing_date) VALUES (137, 'Шакмакова Александра Якововна ', '1994-12-23 16:53:52', 16627, '2020-08-20 11:04:53');
INSERT INTO employer (id, name, birthday, salary, employing_date) VALUES (138, 'Бунин Якуб Эрнстович ', '1996-04-28 04:05:46', 30464, '2017-03-23 06:47:24');
INSERT INTO employer (id, name, birthday, salary, employing_date) VALUES (139, 'Луговой Екатерина Петровна ', '1981-09-05 15:53:35', 33309, '2013-08-04 20:04:10');
INSERT INTO employer (id, name, birthday, salary, employing_date) VALUES (140, 'Курдикова Марфа Евгениевна', '1984-05-26 18:35:11', 45350, '2009-07-19 12:22:44');
INSERT INTO employer (id, name, birthday, salary, employing_date) VALUES (141, 'Унковский Сократ Наумович ', '1999-12-09 17:04:38', 47852, '2020-11-26 07:51:23');
INSERT INTO employer (id, name, birthday, salary, employing_date) VALUES (142, 'Беликов Тарас Якубович', '1999-09-10 14:40:16', 43649, '2019-08-25 16:24:24');
INSERT INTO employer (id, name, birthday, salary, employing_date) VALUES (143, 'Дуров Ярослав Венедиктович ', '1981-10-09 21:32:30', 50801, '2008-12-30 22:31:57');
INSERT INTO employer (id, name, birthday, salary, employing_date) VALUES (144, 'Луговой Екатерина Петровна ', '1993-03-17 18:41:27', 36875, '2015-11-01 07:04:13');
INSERT INTO employer (id, name, birthday, salary, employing_date) VALUES (145, 'Богданова Наталья Николаевна ', '1981-03-08 21:45:15', 26493, '2010-01-16 19:06:31');
INSERT INTO employer (id, name, birthday, salary, employing_date) VALUES (146, 'Большова Аза Михеевна ', '1991-02-25 20:33:40', 27599, '2015-08-14 20:12:21');
INSERT INTO employer (id, name, birthday, salary, employing_date) VALUES (147, 'Жжёнова Виктория Александровна ', '1983-09-28 06:42:30', 28864, '2018-10-07 08:31:42');
INSERT INTO employer (id, name, birthday, salary, employing_date) VALUES (148, 'Сиянгулов Арсений Всеволодович ', '1981-07-23 15:18:51', 48218, '2020-08-11 09:11:53');
INSERT INTO employer (id, name, birthday, salary, employing_date) VALUES (149, 'Яимова Майя Антониновна ', '2002-01-31 22:32:09', 38808, '2020-02-21 02:42:46');
INSERT INTO employer (id, name, birthday, salary, employing_date) VALUES (150, 'Кошечкин Владлен Онисимович ', '1990-07-31 01:45:05', 44923, '2008-10-18 16:31:12');
INSERT INTO employer (id, name, birthday, salary, employing_date) VALUES (151, 'Шакмакова Александра Якововна ', '1999-01-06 03:55:09', 35489, '2018-10-11 14:06:28');
INSERT INTO employer (id, name, birthday, salary, employing_date) VALUES (152, 'Язева Галина Данииловна ', '2000-07-20 05:44:24', 49776, '2020-04-12 23:15:07');
INSERT INTO employer (id, name, birthday, salary, employing_date) VALUES (153, 'Глаголев Лаврентий Всеволодович ', '1984-10-23 16:46:29', 17272, '2015-07-12 18:02:56');
INSERT INTO employer (id, name, birthday, salary, employing_date) VALUES (154, 'Сахаровский Лаврентий Гордеевич ', '2000-03-07 09:34:21', 42795, '2018-05-29 10:04:06');
INSERT INTO employer (id, name, birthday, salary, employing_date) VALUES (155, 'Голубев Елизар Серафимович ', '1996-05-26 12:10:52', 41387, '2016-06-12 01:58:25');
INSERT INTO employer (id, name, birthday, salary, employing_date) VALUES (156, 'Гавшина Клара Василиевна ', '1987-04-09 04:26:37', 19732, '2008-05-14 15:41:43');
INSERT INTO employer (id, name, birthday, salary, employing_date) VALUES (157, 'Яскунов ﻿Август Тихонович ', '1992-01-18 23:53:27', 54460, '2020-01-15 15:07:31');
INSERT INTO employer (id, name, birthday, salary, employing_date) VALUES (158, 'Денисова Евгения Елизаровна ', '1999-08-20 20:16:37', 40369, '2018-11-27 07:41:18');
INSERT INTO employer (id, name, birthday, salary, employing_date) VALUES (159, 'Менщиков Ефрем Никитевич', '1985-04-13 04:24:48', 22928, '2011-03-03 17:35:21');
INSERT INTO employer (id, name, birthday, salary, employing_date) VALUES (160, 'Пушкарёв Феофан Глебович ', '1995-08-30 09:41:40', 41493, '2014-10-15 12:32:02');
INSERT INTO employer (id, name, birthday, salary, employing_date) VALUES (161, 'Бичурин Тимур Ульянович ', '1981-04-06 05:09:14', 25997, '2015-01-05 12:28:10');
INSERT INTO employer (id, name, birthday, salary, employing_date) VALUES (162, 'Драгомиров Прокофий Еремеевич ', '1981-03-30 05:44:52', 41163, '2020-05-05 02:19:50');
INSERT INTO employer (id, name, birthday, salary, employing_date) VALUES (163, 'Витюгова Агния Иосифовна ', '1995-03-26 00:00:23', 47988, '2015-06-15 22:12:52');
INSERT INTO employer (id, name, birthday, salary, employing_date) VALUES (164, 'Поджио Ираида Елисеевна ', '1981-07-28 23:11:30', 38933, '2011-11-06 08:36:48');
INSERT INTO employer (id, name, birthday, salary, employing_date) VALUES (165, 'Серпионов Вацлав Никанорович ', '1996-01-07 05:02:10', 17688, '2014-11-16 20:59:19');
INSERT INTO employer (id, name, birthday, salary, employing_date) VALUES (166, 'Лазарева Анна Георгиевна ', '1995-12-15 05:22:29', 27909, '2020-01-24 00:18:44');
INSERT INTO employer (id, name, birthday, salary, employing_date) VALUES (167, 'Илюшина Ираида Яновна ', '1994-11-01 07:15:43', 54830, '2013-09-05 19:39:47');
INSERT INTO employer (id, name, birthday, salary, employing_date) VALUES (168, 'Бурякова Изольда Несторовна ', '1995-07-01 17:55:46', 23194, '2017-08-01 16:53:13');
INSERT INTO employer (id, name, birthday, salary, employing_date) VALUES (169, 'Левтева Влада Якововна ', '1995-07-17 14:42:19', 35277, '2016-11-27 20:29:54');
INSERT INTO employer (id, name, birthday, salary, employing_date) VALUES (170, 'Кобелев Виссарион Натанович ', '1986-10-26 01:49:08', 28329, '2020-07-02 14:47:46');
INSERT INTO employer (id, name, birthday, salary, employing_date) VALUES (171, 'Язева Галина Данииловна ', '1985-12-02 09:12:50', 42295, '2008-07-25 11:11:44');
INSERT INTO employer (id, name, birthday, salary, employing_date) VALUES (172, 'Яимова Майя Антониновна ', '1998-02-17 14:18:54', 43832, '2020-01-06 23:13:51');
INSERT INTO employer (id, name, birthday, salary, employing_date) VALUES (173, 'Лысова Влада Святославовна ', '1988-02-25 04:47:48', 45758, '2014-03-26 13:08:24');
INSERT INTO employer (id, name, birthday, salary, employing_date) VALUES (174, 'Глаголев Лаврентий Всеволодович ', '1983-07-11 15:25:32', 25207, '2019-04-11 10:05:41');
INSERT INTO employer (id, name, birthday, salary, employing_date) VALUES (175, 'Юрьева Марфа Трофимовна ', '1983-11-07 16:46:12', 52239, '2016-07-21 04:23:32');
INSERT INTO employer (id, name, birthday, salary, employing_date) VALUES (176, 'Ижутин Трофим Герасимович ', '1994-02-06 10:31:35', 41641, '2014-03-08 02:20:09');
INSERT INTO employer (id, name, birthday, salary, employing_date) VALUES (177, 'Курдикова Марфа Евгениевна', '2001-03-11 08:31:26', 20055, '2020-08-21 23:09:35');
INSERT INTO employer (id, name, birthday, salary, employing_date) VALUES (178, 'Митрофанов Кир Савелиевич ', '1985-05-30 21:05:31', 24000, '2007-10-23 17:57:30');
INSERT INTO employer (id, name, birthday, salary, employing_date) VALUES (179, 'Сорокина Тамара Романовна ', '1998-08-26 08:07:46', 34004, '2020-10-25 03:07:33');
INSERT INTO employer (id, name, birthday, salary, employing_date) VALUES (180, 'Султанова Ольга Давидовна ', '2001-07-17 09:47:27', 44706, '2020-10-23 04:48:49');
INSERT INTO employer (id, name, birthday, salary, employing_date) VALUES (181, 'Ольховский Леонид Данилевич ', '1989-07-23 12:24:18', 31289, '2012-08-05 15:24:06');
INSERT INTO employer (id, name, birthday, salary, employing_date) VALUES (182, 'Юрьева Марфа Трофимовна ', '2001-05-09 16:45:42', 31846, '2020-07-15 22:55:23');
INSERT INTO employer (id, name, birthday, salary, employing_date) VALUES (183, 'Бичурин Тимур Ульянович ', '1982-12-20 14:30:31', 24458, '2014-09-21 22:14:37');
INSERT INTO employer (id, name, birthday, salary, employing_date) VALUES (184, 'Жутов Назар Куприянович ', '1988-04-13 03:39:07', 45653, '2010-08-15 03:03:52');
INSERT INTO employer (id, name, birthday, salary, employing_date) VALUES (185, 'Пушкарёв Феофан Глебович ', '2000-09-04 17:43:16', 17981, '2020-06-10 13:28:30');
INSERT INTO employer (id, name, birthday, salary, employing_date) VALUES (186, 'Илюшина Ираида Яновна ', '1999-10-14 18:13:30', 40518, '2018-01-03 17:47:02');
INSERT INTO employer (id, name, birthday, salary, employing_date) VALUES (187, 'Лагутов Филипп Венедиктович ', '1981-07-31 13:02:30', 43854, '2013-03-05 15:45:55');
INSERT INTO employer (id, name, birthday, salary, employing_date) VALUES (188, 'Султанова Ольга Давидовна ', '1996-10-06 15:34:01', 52550, '2019-01-18 02:51:00');
INSERT INTO employer (id, name, birthday, salary, employing_date) VALUES (189, 'Москвитина Анисья Николаевна', '1989-06-27 06:11:58', 31850, '2015-04-16 09:50:23');
INSERT INTO employer (id, name, birthday, salary, employing_date) VALUES (190, 'Бунин Якуб Эрнстович ', '1994-10-08 11:05:39', 27941, '2019-11-13 03:04:56');
INSERT INTO employer (id, name, birthday, salary, employing_date) VALUES (191, 'Сахаровский Лаврентий Гордеевич ', '1991-07-06 14:17:42', 29735, '2016-01-29 03:43:53');
INSERT INTO employer (id, name, birthday, salary, employing_date) VALUES (192, 'Бандуркин Фока Никонович', '1998-01-21 05:40:59', 34599, '2016-07-02 08:37:44');
INSERT INTO employer (id, name, birthday, salary, employing_date) VALUES (193, 'Яскунов ﻿Август Тихонович ', '1994-08-07 18:48:34', 19614, '2013-05-10 00:41:26');
INSERT INTO employer (id, name, birthday, salary, employing_date) VALUES (194, 'Луговой Екатерина Петровна ', '1990-07-11 10:02:29', 38316, '2011-08-01 01:34:22');
INSERT INTO employer (id, name, birthday, salary, employing_date) VALUES (195, 'Пудина Инга Емельяновна ', '1993-01-08 14:21:25', 27314, '2014-10-15 06:50:15');
INSERT INTO employer (id, name, birthday, salary, employing_date) VALUES (196, 'Жутов Кир Алексеевич ', '1991-05-02 18:58:07', 47212, '2019-10-24 17:31:12');
INSERT INTO employer (id, name, birthday, salary, employing_date) VALUES (197, 'Каменева Любовь Захаровна ', '1984-12-06 20:19:03', 33046, '2017-01-25 14:07:23');
INSERT INTO employer (id, name, birthday, salary, employing_date) VALUES (198, 'Язвецова Арина Иларионовна ', '1990-08-18 23:29:12', 53173, '2012-03-24 01:31:52');
INSERT INTO employer (id, name, birthday, salary, employing_date) VALUES (199, 'Поджио Ираида Елисеевна ', '1982-07-23 12:06:17', 27642, '2018-04-03 13:09:05');
INSERT INTO employer (id, name, birthday, salary, employing_date) VALUES (200, 'Дуболадов Антип Тарасович', '1982-02-11 21:10:04', 27652, '2020-03-29 04:29:06');
INSERT INTO employer (id, name, birthday, salary, employing_date) VALUES (201, 'Канадина Нина Вячеславовна ', '1993-05-08 22:27:06', 20957, '2018-01-11 14:10:51');
INSERT INTO employer (id, name, birthday, salary, employing_date) VALUES (202, 'Левтева Влада Якововна ', '1981-07-19 16:42:17', 24375, '2010-05-25 07:48:06');
INSERT INTO employer (id, name, birthday, salary, employing_date) VALUES (203, 'Жутов Кир Алексеевич ', '1999-12-13 10:35:50', 44936, '2018-11-03 08:09:29');
INSERT INTO employer (id, name, birthday, salary, employing_date) VALUES (204, 'Лысова Влада Святославовна ', '1995-06-17 07:08:22', 38218, '2015-04-06 19:45:39');
INSERT INTO employer (id, name, birthday, salary, employing_date) VALUES (205, 'Полков Кондратий Игоревич ', '1990-10-12 17:31:09', 26979, '2011-01-19 01:11:03');
INSERT INTO employer (id, name, birthday, salary, employing_date) VALUES (206, 'Курдикова Марфа Евгениевна', '1997-11-04 07:02:31', 53963, '2016-03-08 22:26:58');
INSERT INTO employer (id, name, birthday, salary, employing_date) VALUES (207, 'Яхненко Моисей Назарович ', '1987-02-09 13:59:53', 31919, '2013-10-18 09:44:10');
INSERT INTO employer (id, name, birthday, salary, employing_date) VALUES (208, 'Богданова Наталья Николаевна ', '1991-11-30 01:31:46', 17191, '2012-02-26 07:51:09');
INSERT INTO employer (id, name, birthday, salary, employing_date) VALUES (209, 'Серпионов Вацлав Никанорович ', '1999-09-17 06:23:45', 23884, '2020-07-28 20:19:49');
INSERT INTO employer (id, name, birthday, salary, employing_date) VALUES (210, 'Жутов Назар Куприянович ', '1989-06-26 05:12:23', 33045, '2016-12-08 14:37:07');
INSERT INTO employer (id, name, birthday, salary, employing_date) VALUES (211, 'Султанова Ольга Давидовна ', '2002-07-31 12:17:49', 54454, '2020-11-27 10:40:18');
INSERT INTO employer (id, name, birthday, salary, employing_date) VALUES (212, 'Богданова Наталья Николаевна ', '1982-04-26 12:50:00', 43706, '2006-04-18 04:20:52');
INSERT INTO employer (id, name, birthday, salary, employing_date) VALUES (213, 'Каменева Любовь Захаровна ', '1988-03-28 12:54:24', 22251, '2011-01-16 17:39:13');
INSERT INTO employer (id, name, birthday, salary, employing_date) VALUES (214, 'Кошечкин Владлен Онисимович ', '1989-02-24 21:22:33', 17300, '2014-12-24 10:13:18');
INSERT INTO employer (id, name, birthday, salary, employing_date) VALUES (215, 'Ахметов Кузьма Касьянович ', '1994-08-07 19:54:12', 16596, '2013-07-29 10:11:44');
INSERT INTO employer (id, name, birthday, salary, employing_date) VALUES (216, 'Каменева Любовь Захаровна ', '2000-02-12 00:54:56', 23973, '2020-04-12 07:02:55');
INSERT INTO employer (id, name, birthday, salary, employing_date) VALUES (217, 'Москвитина Анисья Николаевна', '1999-11-14 22:05:45', 33781, '2018-05-23 00:35:35');
INSERT INTO employer (id, name, birthday, salary, employing_date) VALUES (218, 'Пузакова Зоя Василиевна ', '1982-01-28 19:36:02', 48861, '2009-10-17 18:17:48');
INSERT INTO employer (id, name, birthday, salary, employing_date) VALUES (219, 'Бибиков Остап Эрнестович ', '1991-12-03 17:16:37', 39740, '2010-09-15 20:57:26');
INSERT INTO employer (id, name, birthday, salary, employing_date) VALUES (220, 'Кошечкин Владлен Онисимович ', '1993-02-23 19:44:26', 49945, '2018-05-04 21:49:49');
INSERT INTO employer (id, name, birthday, salary, employing_date) VALUES (221, 'Сигаев Елизар Тихонович ', '1982-09-26 06:42:31', 37011, '2008-11-06 07:47:19');
INSERT INTO employer (id, name, birthday, salary, employing_date) VALUES (222, 'Тихонов Владислав Титович ', '1981-01-16 13:28:48', 41195, '2007-09-24 04:48:50');
INSERT INTO employer (id, name, birthday, salary, employing_date) VALUES (223, 'Лазарева Анна Георгиевна ', '1999-07-31 08:50:47', 45557, '2020-04-21 16:47:31');
INSERT INTO employer (id, name, birthday, salary, employing_date) VALUES (224, 'Ольховский Леонид Данилевич ', '1995-06-17 14:52:45', 47397, '2017-12-15 12:41:34');
INSERT INTO employer (id, name, birthday, salary, employing_date) VALUES (225, 'Витюгова Агния Иосифовна ', '1989-04-07 20:39:47', 15998, '2016-09-26 10:55:22');
INSERT INTO employer (id, name, birthday, salary, employing_date) VALUES (226, 'Юрьева Марфа Трофимовна ', '1999-06-18 21:34:08', 54698, '2019-11-09 16:58:16');
INSERT INTO employer (id, name, birthday, salary, employing_date) VALUES (227, 'Голодяев Прокофий Игнатиевич', '1993-04-20 05:40:07', 48684, '2013-11-02 20:31:56');
INSERT INTO employer (id, name, birthday, salary, employing_date) VALUES (228, 'Голубев Елизар Серафимович ', '1998-03-02 20:20:46', 31071, '2018-08-05 05:17:13');
INSERT INTO employer (id, name, birthday, salary, employing_date) VALUES (229, 'Бурякова Изольда Несторовна ', '1985-11-01 21:28:57', 36768, '2007-04-21 01:45:35');
INSERT INTO employer (id, name, birthday, salary, employing_date) VALUES (230, 'Щередин Даниил Родионович ', '1983-11-18 00:21:58', 52191, '2008-08-27 23:01:56');
INSERT INTO employer (id, name, birthday, salary, employing_date) VALUES (231, 'Канадина Нина Вячеславовна ', '1994-11-09 02:53:32', 20940, '2015-11-17 08:13:25');
INSERT INTO employer (id, name, birthday, salary, employing_date) VALUES (232, 'Желвакова Кристина Иларионовна ', '1986-01-02 20:34:12', 21204, '2015-07-15 22:49:38');
INSERT INTO employer (id, name, birthday, salary, employing_date) VALUES (233, 'Сычёва Евгения Елизаровна ', '1998-09-02 11:15:38', 22906, '2019-05-29 12:43:14');
INSERT INTO employer (id, name, birthday, salary, employing_date) VALUES (234, 'Саламатова Владлена Вячеславовна ', '1992-04-27 01:17:50', 34731, '2019-07-10 09:12:21');
INSERT INTO employer (id, name, birthday, salary, employing_date) VALUES (235, 'Дуболадов Антип Тарасович', '1988-10-30 07:19:50', 39331, '2013-03-04 16:07:12');
INSERT INTO employer (id, name, birthday, salary, employing_date) VALUES (236, 'Бичурин Тимур Ульянович ', '2002-04-29 20:56:38', 17960, '2020-08-31 16:01:50');
INSERT INTO employer (id, name, birthday, salary, employing_date) VALUES (237, 'Мерзлов Мирослав Елисеевич ', '1991-02-01 04:18:59', 38460, '2009-12-24 09:34:53');
INSERT INTO employer (id, name, birthday, salary, employing_date) VALUES (238, 'Щередин Даниил Родионович ', '1984-09-15 06:43:35', 51458, '2020-05-30 08:39:38');
INSERT INTO employer (id, name, birthday, salary, employing_date) VALUES (239, 'Индик Кузьма Аникитевич ', '2001-05-18 18:33:00', 43643, '2020-07-14 15:30:43');
INSERT INTO employer (id, name, birthday, salary, employing_date) VALUES (240, 'Королева Изольда Данилевна ', '1995-05-28 15:33:06', 50004, '2014-09-23 01:38:29');
INSERT INTO employer (id, name, birthday, salary, employing_date) VALUES (241, 'Яблочкова Эмма Данилевна ', '2002-06-18 21:53:44', 27737, '2020-09-09 14:51:32');
INSERT INTO employer (id, name, birthday, salary, employing_date) VALUES (242, 'Лысова Влада Святославовна ', '1986-12-26 19:06:41', 29823, '2006-12-24 08:25:28');
INSERT INTO employer (id, name, birthday, salary, employing_date) VALUES (243, 'Голодяев Прокофий Игнатиевич', '1992-11-21 18:03:23', 52739, '2013-08-01 17:37:29');
INSERT INTO employer (id, name, birthday, salary, employing_date) VALUES (244, 'Арданкина Изольда Федотовна ', '1994-05-18 13:49:06', 17023, '2016-07-12 14:00:17');
INSERT INTO employer (id, name, birthday, salary, employing_date) VALUES (245, 'Комиссарова Валерия Владиленовна ', '1990-06-24 12:04:30', 49530, '2016-02-20 23:25:23');
INSERT INTO employer (id, name, birthday, salary, employing_date) VALUES (246, 'Клименко Ирина Георгиевна ', '1987-04-25 03:17:53', 32017, '2013-06-30 03:32:55');
INSERT INTO employer (id, name, birthday, salary, employing_date) VALUES (247, 'Язева Галина Данииловна ', '1996-05-15 12:25:06', 46499, '2020-07-12 23:08:41');
INSERT INTO employer (id, name, birthday, salary, employing_date) VALUES (248, 'Сорокина Тамара Романовна ', '1997-05-20 13:23:55', 24468, '2019-07-26 03:37:58');
INSERT INTO employer (id, name, birthday, salary, employing_date) VALUES (249, 'Яров Агафон Тихонович ', '2002-01-21 19:10:07', 32385, '2020-08-13 07:53:52');
INSERT INTO employer (id, name, birthday, salary, employing_date) VALUES (250, 'Менщиков Ефрем Никитевич ', '2000-07-08 07:41:11', 28458, '2019-05-27 23:58:06');
INSERT INTO employer (id, name, birthday, salary, employing_date) VALUES (251, 'Большова Аза Михеевна ', '1994-10-05 18:41:46', 37272, '2018-05-17 10:04:44');
INSERT INTO employer (id, name, birthday, salary, employing_date) VALUES (252, 'Дёшина Ефросиния Георгиевна ', '2001-07-28 05:38:20', 32088, '2019-08-17 15:02:21');
INSERT INTO employer (id, name, birthday, salary, employing_date) VALUES (253, 'Бичурин Тимур Ульянович ', '1997-10-13 23:02:37', 30025, '2020-06-13 04:56:02');
INSERT INTO employer (id, name, birthday, salary, employing_date) VALUES (254, 'Жжёнова Виктория Александровна ', '1994-08-25 04:14:25', 36363, '2018-06-22 04:15:43');
INSERT INTO employer (id, name, birthday, salary, employing_date) VALUES (255, 'Козина Оксана  Германовна ', '1982-04-09 00:58:59', 18045, '2020-05-19 13:16:20');
INSERT INTO employer (id, name, birthday, salary, employing_date) VALUES (256, 'Бунин Якуб Эрнстович ', '1996-01-08 05:53:11', 54409, '2014-11-21 05:23:37');
INSERT INTO employer (id, name, birthday, salary, employing_date) VALUES (257, 'Пудина Инга Емельяновна ', '1992-08-30 21:37:48', 49019, '2012-07-23 09:00:07');
INSERT INTO employer (id, name, birthday, salary, employing_date) VALUES (258, 'Ромазанов Сергей Фролович ', '1996-03-13 18:30:30', 19606, '2020-03-13 22:51:15');
INSERT INTO employer (id, name, birthday, salary, employing_date) VALUES (259, 'Индик Кузьма Аникитевич ', '1999-08-05 15:14:37', 18139, '2019-07-25 19:02:13');
INSERT INTO employer (id, name, birthday, salary, employing_date) VALUES (260, 'Бибиков Остап Эрнестович ', '1997-10-09 11:47:22', 36222, '2016-12-07 04:49:34');
INSERT INTO employer (id, name, birthday, salary, employing_date) VALUES (261, 'Бялик Геннадий Брониславович ', '1981-09-06 01:23:36', 19449, '2018-09-21 03:29:41');
INSERT INTO employer (id, name, birthday, salary, employing_date) VALUES (262, 'Драгомиров Прокофий Еремеевич ', '1989-03-26 07:15:57', 51015, '2009-08-02 05:34:38');
INSERT INTO employer (id, name, birthday, salary, employing_date) VALUES (263, 'Ромазанов Сергей Фролович ', '1986-10-06 06:03:30', 35693, '2015-10-07 14:25:35');
INSERT INTO employer (id, name, birthday, salary, employing_date) VALUES (264, 'Беликов Тарас Якубович', '1995-11-29 06:08:06', 48652, '2019-08-11 06:17:20');
INSERT INTO employer (id, name, birthday, salary, employing_date) VALUES (265, 'Жжёнова Виктория Александровна ', '1998-08-21 03:26:51', 46124, '2019-05-05 07:13:34');
INSERT INTO employer (id, name, birthday, salary, employing_date) VALUES (266, 'Глаголев Лаврентий Всеволодович ', '1997-01-08 07:46:09', 45208, '2020-02-20 04:28:57');
INSERT INTO employer (id, name, birthday, salary, employing_date) VALUES (267, 'Кобелев Виссарион Натанович ', '1990-11-04 09:57:12', 45221, '2017-05-07 18:02:27');
INSERT INTO employer (id, name, birthday, salary, employing_date) VALUES (268, 'Дубровин Измаил Владимирович ', '1996-10-23 08:06:22', 47993, '2015-10-04 01:55:24');
INSERT INTO employer (id, name, birthday, salary, employing_date) VALUES (269, 'Пузакова Зоя Василиевна ', '1997-06-20 05:51:59', 53849, '2019-08-11 19:50:22');
INSERT INTO employer (id, name, birthday, salary, employing_date) VALUES (270, 'Негеса Юнона Ипполитовна ', '1992-11-05 22:21:13', 33417, '2017-02-26 07:26:35');
INSERT INTO employer (id, name, birthday, salary, employing_date) VALUES (271, 'Бунин Якуб Эрнстович ', '1990-05-20 11:51:59', 51080, '2014-07-31 18:55:37');
INSERT INTO employer (id, name, birthday, salary, employing_date) VALUES (272, 'Тихонов Владислав Титович ', '1993-12-11 00:01:42', 15921, '2015-03-15 05:02:32');
ALTER SEQUENCE employer_id_seq RESTART WITH 273;

--услуги ветклиники
INSERT INTO treatment_service (id, type, price) VALUES(1,'диагностика',300);
INSERT INTO treatment_service (id, type, price) VALUES(2,'лечение', 800);
INSERT INTO treatment_service (id, type, price) VALUES(3,'операция',1500);
INSERT INTO treatment_service (id, type, price) VALUES(4,'купирование ушных раковин',1800);
INSERT INTO treatment_service (id, type, price) VALUES(5,'пупочная грыжа', 2000);
INSERT INTO treatment_service (id, type, price) VALUES(6,'мягкие лапки', 2500);
INSERT INTO treatment_service (id, type, price) VALUES(7,'анализы',100);
INSERT INTO treatment_service (id, type, price) VALUES(8,'экспресс анализы',300);
INSERT INTO treatment_service (id, type, price) VALUES(9,'стоматологическое лечение',800);
INSERT INTO treatment_service (id, type, price) VALUES(10,'чистка зубов',1500);
INSERT INTO treatment_service (id, type, price) VALUES(11,'удаление зубов',150);
INSERT INTO treatment_service (id, type, price) VALUES(12,'родовспоможение',700);
INSERT INTO treatment_service (id, type, price) VALUES(13,'кесарево сечение',1900);
ALTER SEQUENCE treatment_service_id_seq RESTART WITH 14;

--услуги салона
INSERT INTO style_service (id, type, price) VALUES(1,'стрижка без мытья', 1800);
INSERT INTO style_service (id, type, price) VALUES(2,'стрижка с мытьем',2000);
INSERT INTO style_service (id, type, price) VALUES(3,'вычёсывание шерсти с мытьем',2000);
INSERT INTO style_service (id, type, price) VALUES(4,'подстригание когтей', 300);
INSERT INTO style_service (id, type, price) VALUES(5,'чистка зубов с пастой',300);
INSERT INTO style_service (id, type, price) VALUES(6,'вынуть клеща', 350);
INSERT INTO style_service (id, type, price) VALUES(7,'восстанавливающая маска для шерсти',500);
INSERT INTO style_service (id, type, price) VALUES(8,'противоблошиная обработка', 520);
ALTER SEQUENCE style_service_id_seq RESTART WITH 9;

--работники приюта
INSERT INTO shelter_employer (id, employer_id, position) VALUES (1, 46, 'специалист по уходу');
INSERT INTO shelter_employer (id, employer_id, position) VALUES (2, 99, 'специалист по уходу');
INSERT INTO shelter_employer (id, employer_id, position) VALUES (3, 70, 'администратор');
INSERT INTO shelter_employer (id, employer_id, position) VALUES (4, 97, 'специалист по уходу');
INSERT INTO shelter_employer (id, employer_id, position) VALUES (5, 34, 'специалист по уходу');
INSERT INTO shelter_employer (id, employer_id, position) VALUES (6, 50, 'уборщик');
INSERT INTO shelter_employer (id, employer_id, position) VALUES (7, 86, 'охранник');
INSERT INTO shelter_employer (id, employer_id, position) VALUES (8, 47, 'уборщик');
INSERT INTO shelter_employer (id, employer_id, position) VALUES (9, 98, 'специалист по уходу');
INSERT INTO shelter_employer (id, employer_id, position) VALUES (10, 51, 'уборщик');
INSERT INTO shelter_employer (id, employer_id, position) VALUES (11, 54, 'уборщик');
INSERT INTO shelter_employer (id, employer_id, position) VALUES (12, 55, 'администратор');
INSERT INTO shelter_employer (id, employer_id, position) VALUES (13, 84, 'охранник');
INSERT INTO shelter_employer (id, employer_id, position) VALUES (14, 138, 'уборщик');
INSERT INTO shelter_employer (id, employer_id, position) VALUES (15, 12, 'администратор');
INSERT INTO shelter_employer (id, employer_id, position) VALUES (16, 127, 'уборщик');
INSERT INTO shelter_employer (id, employer_id, position) VALUES (17, 140, 'администратор');
INSERT INTO shelter_employer (id, employer_id, position) VALUES (18, 71, 'администратор');
INSERT INTO shelter_employer (id, employer_id, position) VALUES (19, 87, 'администратор');
INSERT INTO shelter_employer (id, employer_id, position) VALUES (20, 13, 'охранник');
INSERT INTO shelter_employer (id, employer_id, position) VALUES (21, 24, 'специалист по уходу');
INSERT INTO shelter_employer (id, employer_id, position) VALUES (22, 29, 'специалист по уходу');
INSERT INTO shelter_employer (id, employer_id, position) VALUES (23, 186, 'охранник');
INSERT INTO shelter_employer (id, employer_id, position) VALUES (24, 68, 'администратор');
INSERT INTO shelter_employer (id, employer_id, position) VALUES (25, 45, 'охранник');
INSERT INTO shelter_employer (id, employer_id, position) VALUES (26, 96, 'уборщик');
INSERT INTO shelter_employer (id, employer_id, position) VALUES (27, 2, 'уборщик');
INSERT INTO shelter_employer (id, employer_id, position) VALUES (28, 75, 'уборщик');
INSERT INTO shelter_employer (id, employer_id, position) VALUES (29, 143, 'специалист по уходу');
INSERT INTO shelter_employer (id, employer_id, position) VALUES (30, 63, 'специалист по уходу');
INSERT INTO shelter_employer (id, employer_id, position) VALUES (31, 105, 'уборщик');
INSERT INTO shelter_employer (id, employer_id, position) VALUES (32, 92, 'специалист по уходу');
INSERT INTO shelter_employer (id, employer_id, position) VALUES (33, 78, 'администратор');
INSERT INTO shelter_employer (id, employer_id, position) VALUES (34, 113, 'специалист по уходу');
INSERT INTO shelter_employer (id, employer_id, position) VALUES (35, 110, 'специалист по уходу');
INSERT INTO shelter_employer (id, employer_id, position) VALUES (36, 3, 'охранник');
INSERT INTO shelter_employer (id, employer_id, position) VALUES (37, 91, 'администратор');
INSERT INTO shelter_employer (id, employer_id, position) VALUES (38, 57, 'специалист по уходу');
INSERT INTO shelter_employer (id, employer_id, position) VALUES (39, 103, 'специалист по уходу');
INSERT INTO shelter_employer (id, employer_id, position) VALUES (40, 38, 'специалист по уходу');
INSERT INTO shelter_employer (id, employer_id, position) VALUES (41, 137, 'специалист по уходу');
INSERT INTO shelter_employer (id, employer_id, position) VALUES (42, 130, 'уборщик');
INSERT INTO shelter_employer (id, employer_id, position) VALUES (43, 28, 'уборщик');
INSERT INTO shelter_employer (id, employer_id, position) VALUES (44, 131, 'уборщик');
INSERT INTO shelter_employer (id, employer_id, position) VALUES (45, 184, 'специалист по уходу');
INSERT INTO shelter_employer (id, employer_id, position) VALUES (46, 171, 'специалист по уходу');
INSERT INTO shelter_employer (id, employer_id, position) VALUES (47, 198, 'охранник');
INSERT INTO shelter_employer (id, employer_id, position) VALUES (48, 43, 'охранник');
INSERT INTO shelter_employer (id, employer_id, position) VALUES (49, 59, 'специалист по уходу');
INSERT INTO shelter_employer (id, employer_id, position) VALUES (50, 106, 'специалист по уходу');
INSERT INTO shelter_employer (id, employer_id, position) VALUES (51, 144, 'специалист по уходу');
INSERT INTO shelter_employer (id, employer_id, position) VALUES (52, 25, 'уборщик');
ALTER SEQUENCE shelter_employer_id_seq RESTART WITH 53;

--работники магазина
INSERT INTO shop_employer (id, employer_id, position) VALUES (1, 173, 'старший продавец');
INSERT INTO shop_employer (id, employer_id, position) VALUES (2, 234, 'администратор зала');
INSERT INTO shop_employer (id, employer_id, position) VALUES (3, 205, 'администратор зала');
INSERT INTO shop_employer (id, employer_id, position) VALUES (4, 174, 'кассир');
INSERT INTO shop_employer (id, employer_id, position) VALUES (5, 256, 'администратор зала');
INSERT INTO shop_employer (id, employer_id, position) VALUES (6, 178, 'продавец-кассир');
INSERT INTO shop_employer (id, employer_id, position) VALUES (7, 167, 'кассир');
INSERT INTO shop_employer (id, employer_id, position) VALUES (8, 204, 'старший продавец');
INSERT INTO shop_employer (id, employer_id, position) VALUES (9, 154, 'продавец');
INSERT INTO shop_employer (id, employer_id, position) VALUES (10, 198, 'кассир');
INSERT INTO shop_employer (id, employer_id, position) VALUES (11, 259, 'кассир');
INSERT INTO shop_employer (id, employer_id, position) VALUES (12, 258, 'старший продавец');
INSERT INTO shop_employer (id, employer_id, position) VALUES (13, 179, 'продавец-кассир');
INSERT INTO shop_employer (id, employer_id, position) VALUES (14, 199, 'администратор зала');
INSERT INTO shop_employer (id, employer_id, position) VALUES (15, 54, 'кассир');
INSERT INTO shop_employer (id, employer_id, position) VALUES (16, 181, 'продавец-кассир');
INSERT INTO shop_employer (id, employer_id, position) VALUES (17, 160, 'администратор зала');
INSERT INTO shop_employer (id, employer_id, position) VALUES (18, 177, 'продавец-кассир');
INSERT INTO shop_employer (id, employer_id, position) VALUES (19, 226, 'продавец');
INSERT INTO shop_employer (id, employer_id, position) VALUES (20, 251, 'кассир');
INSERT INTO shop_employer (id, employer_id, position) VALUES (21, 271, 'продавец-кассир');
INSERT INTO shop_employer (id, employer_id, position) VALUES (22, 235, 'продавец-кассир');
INSERT INTO shop_employer (id, employer_id, position) VALUES (23, 186, 'кассир');
INSERT INTO shop_employer (id, employer_id, position) VALUES (24, 197, 'кассир');
INSERT INTO shop_employer (id, employer_id, position) VALUES (25, 252, 'администратор зала');
INSERT INTO shop_employer (id, employer_id, position) VALUES (26, 150, 'продавец');
ALTER SEQUENCE shop_employer_id_seq RESTART WITH 27;

--работники салона
INSERT INTO stylist (id, employer_id, position) VALUES (1, 228, 'мастер');
INSERT INTO stylist (id, employer_id, position) VALUES (2, 242, 'стажер');
INSERT INTO stylist (id, employer_id, position) VALUES (3, 271, 'грумер');
INSERT INTO stylist (id, employer_id, position) VALUES (4, 165, 'стажер');
INSERT INTO stylist (id, employer_id, position) VALUES (5, 249, 'грумер');
INSERT INTO stylist (id, employer_id, position) VALUES (6, 160, 'стажер');
INSERT INTO stylist (id, employer_id, position) VALUES (7, 185, 'грумер');
INSERT INTO stylist (id, employer_id, position) VALUES (8, 172, 'мастер');
INSERT INTO stylist (id, employer_id, position) VALUES (9, 264, 'стажер');
INSERT INTO stylist (id, employer_id, position) VALUES (10, 157, 'грумер');
INSERT INTO stylist (id, employer_id, position) VALUES (11, 240, 'мастер');
INSERT INTO stylist (id, employer_id, position) VALUES (12, 241, 'стажер');
INSERT INTO stylist (id, employer_id, position) VALUES (13, 28, 'стажер');
INSERT INTO stylist (id, employer_id, position) VALUES (14, 194, 'грумер');
INSERT INTO stylist (id, employer_id, position) VALUES (15, 269, 'стажер');
INSERT INTO stylist (id, employer_id, position) VALUES (16, 182, 'мастер');
INSERT INTO stylist (id, employer_id, position) VALUES (17, 207, 'грумер');
INSERT INTO stylist (id, employer_id, position) VALUES (18, 183, 'стажер');
INSERT INTO stylist (id, employer_id, position) VALUES (19, 217, 'мастер');
INSERT INTO stylist (id, employer_id, position) VALUES (20, 265, 'стажер');
INSERT INTO stylist (id, employer_id, position) VALUES (21, 169, 'грумер');
INSERT INTO stylist (id, employer_id, position) VALUES (22, 222, 'стажер');
INSERT INTO stylist (id, employer_id, position) VALUES (23, 270, 'мастер');
INSERT INTO stylist (id, employer_id, position) VALUES (24, 188, 'мастер');
INSERT INTO stylist (id, employer_id, position) VALUES (25, 206, 'стажер');
INSERT INTO stylist (id, employer_id, position) VALUES (26, 235, 'грумер');
INSERT INTO stylist (id, employer_id, position) VALUES (27, 40, 'мастер');
INSERT INTO stylist (id, employer_id, position) VALUES (28, 190, 'мастер');
INSERT INTO stylist (id, employer_id, position) VALUES (29, 168, 'стажер');
INSERT INTO stylist (id, employer_id, position) VALUES (30, 173, 'мастер');
ALTER SEQUENCE stylist_id_seq RESTART WITH 31;

--работники клиники
INSERT INTO doctor (id, employer_id, position) VALUES (1, 88, 'интерн');
INSERT INTO doctor (id, employer_id, position) VALUES (2, 270, 'старший ветеринар');
INSERT INTO doctor (id, employer_id, position) VALUES (3, 222, 'интерн');
INSERT INTO doctor (id, employer_id, position) VALUES (4, 28, 'ветеринар');
INSERT INTO doctor (id, employer_id, position) VALUES (5, 70, 'интерн');
INSERT INTO doctor (id, employer_id, position) VALUES (6, 128, 'интерн');
INSERT INTO doctor (id, employer_id, position) VALUES (7, 260, 'интерн');
INSERT INTO doctor (id, employer_id, position) VALUES (8, 112, 'интерн');
INSERT INTO doctor (id, employer_id, position) VALUES (9, 27, 'ветеринар');
INSERT INTO doctor (id, employer_id, position) VALUES (10, 138, 'интерн');
INSERT INTO doctor (id, employer_id, position) VALUES (11, 211, 'интерн');
INSERT INTO doctor (id, employer_id, position) VALUES (12, 198, 'старший ветеринар');
INSERT INTO doctor (id, employer_id, position) VALUES (13, 77, 'интерн');
INSERT INTO doctor (id, employer_id, position) VALUES (14, 266, 'старший ветеринар');
INSERT INTO doctor (id, employer_id, position) VALUES (15, 5, 'ветеринар');
INSERT INTO doctor (id, employer_id, position) VALUES (16, 241, 'ветеринар');
INSERT INTO doctor (id, employer_id, position) VALUES (17, 265, 'интерн');
INSERT INTO doctor (id, employer_id, position) VALUES (18, 162, 'ветеринар');
INSERT INTO doctor (id, employer_id, position) VALUES (19, 262, 'старший ветеринар');
INSERT INTO doctor (id, employer_id, position) VALUES (20, 142, 'ветеринар');
INSERT INTO doctor (id, employer_id, position) VALUES (21, 181, 'интерн');
INSERT INTO doctor (id, employer_id, position) VALUES (22, 160, 'интерн');
INSERT INTO doctor (id, employer_id, position) VALUES (23, 239, 'интерн');
INSERT INTO doctor (id, employer_id, position) VALUES (24, 267, 'интерн');
INSERT INTO doctor (id, employer_id, position) VALUES (25, 218, 'ветеринар');
INSERT INTO doctor (id, employer_id, position) VALUES (26, 271, 'старший ветеринар');
INSERT INTO doctor (id, employer_id, position) VALUES (27, 75, 'старший ветеринар');
INSERT INTO doctor (id, employer_id, position) VALUES (28, 17, 'интерн');
INSERT INTO doctor (id, employer_id, position) VALUES (29, 200, 'ветеринар');
INSERT INTO doctor (id, employer_id, position) VALUES (30, 57, 'интерн');
INSERT INTO doctor (id, employer_id, position) VALUES (31, 104, 'старший ветеринар');
INSERT INTO doctor (id, employer_id, position) VALUES (32, 96, 'интерн');
INSERT INTO doctor (id, employer_id, position) VALUES (33, 13, 'ветеринар');
INSERT INTO doctor (id, employer_id, position) VALUES (34, 3, 'ветеринар');
INSERT INTO doctor (id, employer_id, position) VALUES (35, 156, 'ветеринар');
INSERT INTO doctor (id, employer_id, position) VALUES (36, 177, 'старший ветеринар');
INSERT INTO doctor (id, employer_id, position) VALUES (37, 254, 'старший ветеринар');
INSERT INTO doctor (id, employer_id, position) VALUES (38, 183, 'ветеринар');
INSERT INTO doctor (id, employer_id, position) VALUES (39, 58, 'старший ветеринар');
ALTER SEQUENCE doctor_id_seq RESTART WITH 40;

--записи приемов в салон
INSERT INTO beauty_salon_registration (id, stylist_id, service_id, reception_time, client_id, cat_id) VALUES (1, 16, 2, '2018-08-20 21:17:26', 39, 323);
INSERT INTO beauty_salon_registration (id, stylist_id, service_id, reception_time, client_id, cat_id) VALUES (2, 9, 3, '2018-11-24 03:47:01', 33, 77);
INSERT INTO beauty_salon_registration (id, stylist_id, service_id, reception_time, client_id, cat_id) VALUES (3, 13, 3, '2018-07-11 09:57:04', 29, 155);
INSERT INTO beauty_salon_registration (id, stylist_id, service_id, reception_time, client_id, cat_id) VALUES (4, 27, 6, '2018-08-09 18:30:35', 1, 26);
INSERT INTO beauty_salon_registration (id, stylist_id, service_id, reception_time, client_id, cat_id) VALUES (5, 26, 5, '2018-04-13 10:03:05', 32, 272);
INSERT INTO beauty_salon_registration (id, stylist_id, service_id, reception_time, client_id, cat_id) VALUES (6, 21, 6, '2019-07-31 11:40:32', 18, 112);
INSERT INTO beauty_salon_registration (id, stylist_id, service_id, reception_time, client_id, cat_id) VALUES (7, 18, 5, '2019-04-13 17:24:20', 14, 132);
INSERT INTO beauty_salon_registration (id, stylist_id, service_id, reception_time, client_id, cat_id) VALUES (8, 26, 5, '2018-07-04 15:30:14', 10, 88);
INSERT INTO beauty_salon_registration (id, stylist_id, service_id, reception_time, client_id, cat_id) VALUES (9, 10, 5, '2020-03-17 06:54:55', 26, 32);
INSERT INTO beauty_salon_registration (id, stylist_id, service_id, reception_time, client_id, cat_id) VALUES (10, 11, 2, '2018-10-08 13:51:33', 18, 112);
INSERT INTO beauty_salon_registration (id, stylist_id, service_id, reception_time, client_id, cat_id) VALUES (11, 7, 6, '2020-08-02 10:12:51', 35, 259);
INSERT INTO beauty_salon_registration (id, stylist_id, service_id, reception_time, client_id, cat_id) VALUES (12, 1, 8, '2020-07-29 11:19:35', 23, 369);
INSERT INTO beauty_salon_registration (id, stylist_id, service_id, reception_time, client_id, cat_id) VALUES (13, 20, 2, '2018-04-10 01:46:17', 18, 112);
INSERT INTO beauty_salon_registration (id, stylist_id, service_id, reception_time, client_id, cat_id) VALUES (14, 23, 7, '2019-05-08 18:16:36', 36, 118);
INSERT INTO beauty_salon_registration (id, stylist_id, service_id, reception_time, client_id, cat_id) VALUES (15, 17, 4, '2018-07-31 05:56:30', 33, 77);
INSERT INTO beauty_salon_registration (id, stylist_id, service_id, reception_time, client_id, cat_id) VALUES (16, 6, 1, '2018-06-14 23:55:43', 12, 16);
INSERT INTO beauty_salon_registration (id, stylist_id, service_id, reception_time, client_id, cat_id) VALUES (17, 4, 7, '2019-12-15 02:53:06', 38, 39);
INSERT INTO beauty_salon_registration (id, stylist_id, service_id, reception_time, client_id, cat_id) VALUES (18, 24, 1, '2020-08-20 01:36:28', 30, 310);
INSERT INTO beauty_salon_registration (id, stylist_id, service_id, reception_time, client_id, cat_id) VALUES (19, 4, 4, '2019-07-25 00:45:25', 6, 362);
INSERT INTO beauty_salon_registration (id, stylist_id, service_id, reception_time, client_id, cat_id) VALUES (20, 23, 3, '2019-11-01 14:59:46', 23, 369);
INSERT INTO beauty_salon_registration (id, stylist_id, service_id, reception_time, client_id, cat_id) VALUES (21, 26, 4, '2020-07-06 20:34:49', 34, 144);
INSERT INTO beauty_salon_registration (id, stylist_id, service_id, reception_time, client_id, cat_id) VALUES (22, 8, 3, '2019-11-30 11:45:19', 16, 284);
INSERT INTO beauty_salon_registration (id, stylist_id, service_id, reception_time, client_id, cat_id) VALUES (23, 16, 3, '2018-11-22 03:18:09', 35, 259);
INSERT INTO beauty_salon_registration (id, stylist_id, service_id, reception_time, client_id, cat_id) VALUES (24, 4, 2, '2020-07-09 02:12:55', 8, 102);
INSERT INTO beauty_salon_registration (id, stylist_id, service_id, reception_time, client_id, cat_id) VALUES (25, 7, 5, '2019-12-15 12:22:02', 10, 88);
INSERT INTO beauty_salon_registration (id, stylist_id, service_id, reception_time, client_id, cat_id) VALUES (26, 22, 8, '2018-11-06 23:05:07', 2, 196);
INSERT INTO beauty_salon_registration (id, stylist_id, service_id, reception_time, client_id, cat_id) VALUES (27, 4, 7, '2019-08-13 01:27:40', 8, 102);
INSERT INTO beauty_salon_registration (id, stylist_id, service_id, reception_time, client_id, cat_id) VALUES (28, 20, 6, '2020-04-12 20:30:08', 8, 102);
INSERT INTO beauty_salon_registration (id, stylist_id, service_id, reception_time, client_id, cat_id) VALUES (29, 30, 3, '2018-08-21 14:09:46', 37, 342);
INSERT INTO beauty_salon_registration (id, stylist_id, service_id, reception_time, client_id, cat_id) VALUES (30, 6, 6, '2018-04-05 03:16:12', 24, 179);
INSERT INTO beauty_salon_registration (id, stylist_id, service_id, reception_time, client_id, cat_id) VALUES (31, 14, 2, '2018-07-04 12:00:16', 39, 323);
INSERT INTO beauty_salon_registration (id, stylist_id, service_id, reception_time, client_id, cat_id) VALUES (32, 14, 6, '2020-05-28 08:32:52', 31, 8);
INSERT INTO beauty_salon_registration (id, stylist_id, service_id, reception_time, client_id, cat_id) VALUES (33, 18, 1, '2018-09-06 19:07:57', 34, 144);
INSERT INTO beauty_salon_registration (id, stylist_id, service_id, reception_time, client_id, cat_id) VALUES (34, 26, 8, '2019-02-04 06:10:24', 6, 362);
INSERT INTO beauty_salon_registration (id, stylist_id, service_id, reception_time, client_id, cat_id) VALUES (35, 19, 6, '2019-08-05 09:13:49', 18, 112);
INSERT INTO beauty_salon_registration (id, stylist_id, service_id, reception_time, client_id, cat_id) VALUES (36, 9, 8, '2018-04-28 17:41:02', 6, 362);
INSERT INTO beauty_salon_registration (id, stylist_id, service_id, reception_time, client_id, cat_id) VALUES (37, 9, 7, '2018-12-03 15:10:09', 11, 351);
INSERT INTO beauty_salon_registration (id, stylist_id, service_id, reception_time, client_id, cat_id) VALUES (38, 17, 3, '2020-08-24 18:47:56', 8, 102);
INSERT INTO beauty_salon_registration (id, stylist_id, service_id, reception_time, client_id, cat_id) VALUES (39, 29, 7, '2019-08-20 16:25:43', 3, 203);
INSERT INTO beauty_salon_registration (id, stylist_id, service_id, reception_time, client_id, cat_id) VALUES (40, 17, 5, '2019-09-01 22:54:23', 27, 49);
INSERT INTO beauty_salon_registration (id, stylist_id, service_id, reception_time, client_id, cat_id) VALUES (41, 6, 5, '2018-06-24 11:09:30', 29, 155);
INSERT INTO beauty_salon_registration (id, stylist_id, service_id, reception_time, client_id, cat_id) VALUES (42, 22, 7, '2019-10-25 02:29:34', 12, 16);

--записи приемов в клинику
INSERT INTO hospital_registration (id, doctor_id, service_id, reception_time, client_id, cat_id) VALUES (1, 14, 13, '2012-05-17 19:52:15', 14, 132);
INSERT INTO hospital_registration (id, doctor_id, service_id, reception_time, client_id, cat_id) VALUES (2, 37, 1, '2011-07-30 13:55:28', 24, 179);
INSERT INTO hospital_registration (id, doctor_id, service_id, reception_time, client_id, cat_id) VALUES (3, 29, 6, '2011-07-15 06:43:13', 21, 301);
INSERT INTO hospital_registration (id, doctor_id, service_id, reception_time, client_id, cat_id) VALUES (4, 33, 12, '2014-11-16 21:52:57', 39, 323);
INSERT INTO hospital_registration (id, doctor_id, service_id, reception_time, client_id, cat_id) VALUES (5, 24, 5, '2013-02-13 01:29:31', 20, 124);
INSERT INTO hospital_registration (id, doctor_id, service_id, reception_time, client_id, cat_id) VALUES (6, 12, 6, '2020-01-12 10:53:40', 5, 59);
INSERT INTO hospital_registration (id, doctor_id, service_id, reception_time, client_id, cat_id) VALUES (7, 32, 3, '2012-10-23 08:38:09', 37, 342);
INSERT INTO hospital_registration (id, doctor_id, service_id, reception_time, client_id, cat_id) VALUES (8, 31, 6, '2011-08-02 16:06:53', 36, 118);
INSERT INTO hospital_registration (id, doctor_id, service_id, reception_time, client_id, cat_id) VALUES (9, 13, 13, '2016-02-21 10:22:42', 1, 26);
INSERT INTO hospital_registration (id, doctor_id, service_id, reception_time, client_id, cat_id) VALUES (10, 22, 7, '2015-03-16 13:58:12', 37, 342);
INSERT INTO hospital_registration (id, doctor_id, service_id, reception_time, client_id, cat_id) VALUES (11, 28, 5, '2010-06-25 08:39:14', 4, 219);
INSERT INTO hospital_registration (id, doctor_id, service_id, reception_time, client_id, cat_id) VALUES (12, 6, 6, '2019-08-09 09:54:36', 39, 323);
INSERT INTO hospital_registration (id, doctor_id, service_id, reception_time, client_id, cat_id) VALUES (13, 7, 13, '2018-03-04 13:27:55', 30, 310);
INSERT INTO hospital_registration (id, doctor_id, service_id, reception_time, client_id, cat_id) VALUES (14, 23, 3, '2019-04-02 06:23:28', 26, 32);
INSERT INTO hospital_registration (id, doctor_id, service_id, reception_time, client_id, cat_id) VALUES (15, 38, 7, '2010-01-21 03:21:01', 37, 342);
INSERT INTO hospital_registration (id, doctor_id, service_id, reception_time, client_id, cat_id) VALUES (16, 9, 9, '2014-08-27 11:24:07', 12, 16);
INSERT INTO hospital_registration (id, doctor_id, service_id, reception_time, client_id, cat_id) VALUES (17, 34, 11, '2019-11-30 13:44:22', 32, 272);
INSERT INTO hospital_registration (id, doctor_id, service_id, reception_time, client_id, cat_id) VALUES (18, 32, 9, '2017-08-19 22:05:33', 30, 310);
INSERT INTO hospital_registration (id, doctor_id, service_id, reception_time, client_id, cat_id) VALUES (19, 21, 8, '2015-11-16 15:35:07', 20, 124);
INSERT INTO hospital_registration (id, doctor_id, service_id, reception_time, client_id, cat_id) VALUES (20, 2, 3, '2009-12-12 13:29:50', 11, 351);
INSERT INTO hospital_registration (id, doctor_id, service_id, reception_time, client_id, cat_id) VALUES (21, 37, 7, '2017-04-01 20:47:03', 30, 310);
INSERT INTO hospital_registration (id, doctor_id, service_id, reception_time, client_id, cat_id) VALUES (22, 38, 5, '2010-08-10 05:40:18', 38, 39);
INSERT INTO hospital_registration (id, doctor_id, service_id, reception_time, client_id, cat_id) VALUES (23, 33, 4, '2011-01-08 13:02:14', 33, 77);
INSERT INTO hospital_registration (id, doctor_id, service_id, reception_time, client_id, cat_id) VALUES (24, 11, 2, '2015-09-09 04:15:00', 14, 132);
INSERT INTO hospital_registration (id, doctor_id, service_id, reception_time, client_id, cat_id) VALUES (25, 20, 11, '2014-09-19 02:58:40', 5, 59);
INSERT INTO hospital_registration (id, doctor_id, service_id, reception_time, client_id, cat_id) VALUES (26, 28, 3, '2018-02-28 08:30:39', 31, 8);
INSERT INTO hospital_registration (id, doctor_id, service_id, reception_time, client_id, cat_id) VALUES (27, 26, 5, '2019-01-04 10:16:02', 30, 310);
INSERT INTO hospital_registration (id, doctor_id, service_id, reception_time, client_id, cat_id) VALUES (28, 32, 9, '2020-10-29 20:32:40', 33, 77);
INSERT INTO hospital_registration (id, doctor_id, service_id, reception_time, client_id, cat_id) VALUES (29, 10, 6, '2012-10-08 23:18:31', 12, 16);
INSERT INTO hospital_registration (id, doctor_id, service_id, reception_time, client_id, cat_id) VALUES (30, 12, 5, '2017-06-13 03:20:12', 7, 164);
INSERT INTO hospital_registration (id, doctor_id, service_id, reception_time, client_id, cat_id) VALUES (31, 31, 9, '2016-12-16 05:22:51', 27, 49);
INSERT INTO hospital_registration (id, doctor_id, service_id, reception_time, client_id, cat_id) VALUES (32, 6, 12, '2012-06-07 11:11:23', 21, 301);
INSERT INTO hospital_registration (id, doctor_id, service_id, reception_time, client_id, cat_id) VALUES (33, 1, 3, '2020-05-07 14:38:59', 14, 132);
INSERT INTO hospital_registration (id, doctor_id, service_id, reception_time, client_id, cat_id) VALUES (34, 20, 13, '2019-10-01 01:54:49', 14, 132);
INSERT INTO hospital_registration (id, doctor_id, service_id, reception_time, client_id, cat_id) VALUES (35, 22, 8, '2018-05-02 09:58:26', 13, 92);
INSERT INTO hospital_registration (id, doctor_id, service_id, reception_time, client_id, cat_id) VALUES (36, 38, 12, '2015-04-14 10:48:53', 36, 118);
INSERT INTO hospital_registration (id, doctor_id, service_id, reception_time, client_id, cat_id) VALUES (37, 31, 10, '2016-07-15 09:01:28', 21, 301);
INSERT INTO hospital_registration (id, doctor_id, service_id, reception_time, client_id, cat_id) VALUES (38, 13, 5, '2014-06-22 21:14:13', 31, 8);
INSERT INTO hospital_registration (id, doctor_id, service_id, reception_time, client_id, cat_id) VALUES (39, 10, 13, '2016-12-11 14:31:15', 30, 310);
INSERT INTO hospital_registration (id, doctor_id, service_id, reception_time, client_id, cat_id) VALUES (40, 6, 10, '2010-10-10 07:24:57', 30, 310);
INSERT INTO hospital_registration (id, doctor_id, service_id, reception_time, client_id, cat_id) VALUES (41, 23, 3, '2019-05-25 09:28:33', 26, 32);
INSERT INTO hospital_registration (id, doctor_id, service_id, reception_time, client_id, cat_id) VALUES (42, 8, 13, '2017-11-26 14:28:49', 32, 272);

--болезни
INSERT INTO illness (id, name, sypthoms, treatment) VALUES (1, 'кошачья чумка', 'Угнетение животного, повышение температуры тела до 40-41° С, рвота, иногда жидким стулом. Рвотные массы сначала водянисто-желтые или коричневатые, позже становятся слизистыми, часто с примесью крови. Одновременно или спустя короткое время развивается понос. Фекалии жидкие, зловонные, бесцветные, желтоватые с примесью крови, иногда с хлопьями фибрина. Позы и поведение пациентов свидетельствуют о сильной болезненности в области живота и паха. Больные животные ищут укромные темные, при лихорадке прохладные, а при выздоровлении — теплые места, лежат на животе с запрокинутой головой и вытянутыми конечностями или сидят, сгорбившись в темном месте или над миской с водой, но не пьют. Во время болезни аппетит полностью исчезает. При прощупывании живота отмечают увеличение лимфоузлов брыжейки, кишечные петли малоподвижны, болезненны, утолщены, по структуре напоминают резиновую трубку, иногда растянуты жидкостью и газами. При аускультации прослушиваются звуки плеска, воркования или урчания. Часто при пальпации живота появляется рвота.', 'Введение внутримышечно противовирусного препарата широкого спектра действия Фоспренила: по 0,5 мл при весе кошки более 1 кг, при меньшей массе доза 0,2 мл. Лечение проводится 15 дней. Симптоматическая терапия направлена на устранение обезвоживания, интоксикации, спазмов и воспалений. Животному ставятся капельницы с раствором рингера и регидрона. Назначаются противорвотные препараты, такие как Церукал, и спазмолитики: Но-шпа (дротаверин), Дибазол. Все препараты вводятся инъекционно. Воспаления устраняют антибиотиками. Для улучшения работы иммунитета назначаются иммуномодуляторы, витаминно-минеральные комплексы. Дополнительно показано проведение курса железосодержащих препаратов. Язвы, образовывающиеся в ротовой полости, носу и на веках, протирают хлоргексидином. Допускается чередование антисептика с крепким отваром календулы.');
INSERT INTO illness (id, name, sypthoms, treatment) VALUES (2, 'бешенство', 'Животное может потерять аппетит, начать прятаться по укромным местам, или наоборот, проявлять невиданную прежде ласку. Часто симптомом на продромальной стадии является поедание несъедобных предметов: мебели, обоев, игрушек, веток. Вторая стадия носит стихийный характер: внезапные нападения на человека, мощные укусы, кусание любых предметов вплоть до поломки зубов, грызётся всё, что попадается кошке на глаза. Стадия длится от двух часов до нескольких дней. В это время кот много и часто мяукает из-за спазма гортани, голос изменён. Кот не способен проглотить ни слюну, ни пищу, ни воду. Вскоре нижняя челюсть парализуется, и пасть становится приоткрытой. Заключительная стадия длится до 5 дней. Начиная с нижней челюсти и хвоста, наступает паралич всего тела. Кошка не ест, не пьёт, не мяукает и сильно теряет в весе. После уже наступает смерть.', 'Усыпление');
INSERT INTO illness (id, name, sypthoms, treatment) VALUES (3, 'сальмонеллез', 'Заболевание сопровождается резким повышением температуры до 41 градуса, возникновением сильного поноса, рвоты. Рвотные массы имеют тягучую консистенцию, перед началом рвоты у кошки отделяется большое количество слюны. Кал имеет зловонный запах, примеси крови, иногда окрашен в черный цвет, что обусловлено перевариванием крови. Значительное повышение температуры может сопровождаться развитием судорог. При попытке прощупать живот кот активно сопротивляется из-за сильных болевых ощущений. Выделяя токсины, сальмонеллы повышают проницаемость стенок кишечника, что ведет к проникновению патогенной и условно-патогенной флоры в кровоток. Наличие гнойных выделений на носу и в глазах. Тяжелое дыхание, связанное с быстро развивающейся бронхопневмонией. Возможен кашель. Отказ от еды. Полная апатия к происходящему вокруг.', 'Антибиотики и лекарства группы сульфаниламидов (Бисептол, Сульфален, Окситетрациклин, Левомицетин). Курс антибиотикотерапии составляет 7-10 дней. Фуразолидин. Антигистаминные и глюкокортикоидные средства.');
INSERT INTO illness (id, name, sypthoms, treatment) VALUES (4, 'инфекционная анемия', 'Животное быстро теряет вес, аппетит падает, устает моментально, старается больше лежать и отдыхать, слизистые оболочки бледнеют из-за анемии. Нередко слизистые оболочки и белки глаз желтеют (развивается желтуха, страдает печень). Температура зачастую остается в норме, но может и повышаться. Пульс и дыхание учащаются.', 'Антибиотики тетрациклинового ряда дважды в сутки на протяжении длительного времени (пока в крови не останется возбудителей). Также применяется левомицетин дважды — трижды в день. Препараты, которые стимулируют выработку кровяных телец, помогают восстановить кроветворные органы. Хорошие результаты дает введение синтетических глюкокортикоидов.');
INSERT INTO illness (id, name, sypthoms, treatment) VALUES (5, 'кандидоз', 'При поражении ушей: зуд в области ушей, встряхивание головой, чрезмерное образование серы. При поражении ротовой полости: повышенное слюнотечение. При поражении мочевыводящей системы: цистит, затрудненное мочеиспускание. При поражении кожи: покраснение и раздражение кожи, язвы, зуд, перхоть, выпадение волос. При любой локализации кандидоза на пораженной поверхности образуются творожистые, белые хлопья.', 'Местные препараты (шампуни, мази), содержащие нитрат миконазола, кетоконазол, итраконазол или флуконазол.');
INSERT INTO illness (id, name, sypthoms, treatment) VALUES (6, 'гистоплазмоз', 'Отсутствие аппетита. Потеря веса. Побледнение слизистых. Затрудненное дыхание. Кашель. Свистящее дыхание. Хромота. Выделения из глаз. Диарея. Рвота. Лихорадка. Увеличение лимфоузлов', 'Флуконазол, кетоконазол, итраконазол либо амфотерицин');
INSERT INTO illness (id, name, sypthoms, treatment) VALUES (7, 'блохи', 'Животные начинают постоянно чесаться, тереться об углы стен, мебели и об пол, пытаются вычесать и выгрызть паразитов из шерсти, они становятся беспокойными. Ухудшается состояние шерстяного покрова. Он становится блеклым, шерсть начинает выпадать, появляются залысины. На коже образуются царапины и ссадины.', 'Выведение блох');
INSERT INTO illness (id, name, sypthoms, treatment) VALUES (8, 'клещи', 'Отказ кошки от предлагаемого корма, исхудание. Повышение температуры тела. Кошка становится вялой и апатичной. Появляется понос (понос у кошки) и рвота (рвота у кошек), которые вызывают у кошки обезвоживание. Одышка, кашель (кашель у кошки). Анемия (анемия у кошек). Кровь в моче (кровь в моче у кошки). Желтушность видимых слизистых оболочек (желтуха).', 'Демос, амитразин, амит- форте, ивермек – гель, капли на холку.');
INSERT INTO illness (id, name, sypthoms, treatment) VALUES (9, 'власоеды', 'Кошка постоянно вылизывается, остервенело чешется, вгрызается в шерсть зубами; При осмотре на теле кошки обнаруживаются расчесанные места, ранки, следы укусов; Появились участки тела, где выпала шерсть, проплешинки.', 'Капли (Барьер, Барс, Чистотел, Frontline, Hartz); спреи (Акаромектин, Больфо, Frontline); специальные шампуни (Больфо, Демос Люкс, Барс); эмульсии (Бионикс, Мериал).');
INSERT INTO illness (id, name, sypthoms, treatment) VALUES (10, 'сахарный диабет', 'Повышенная жажда. Клинический признак обусловлен высокой концентрацией в крови глюкозы, на расщепление которой не хватает инсулина. Выделительная система организма не справляется с нагрузкой, сахар появляется в моче, ее объем увеличивается. Процесс сопровождается обезвоживанием и повышенной жаждой больного животного. Полиурия. Частое мочеиспускание носит безболезненный характер. Изменение аппетита. При этом наблюдается как усиление, так и ослабление аппетита. Повышение массы тела. Шерсть тусклая, питомец постоянно линяет, выглядит неряшливо. Нарушение пищеварения: рвота, понос. Тахикардия. Частота сердечных сокращений резко увеличивается. Слабость, вялость животного. Шаткая и неуверенная походка. При развитии интоксикации резкий запах ацетона от кошки. Пахнуть может изо рта животного, а также моча и кожа. В запущенных случаях возможны судороги, обмороки, потеря сознания животным.', 'При диабете первого типа в обязательном порядке назначаются препараты инсулина короткого действия. В случае развития болезни по второму типу гормоны могут быть заменены сахароснижающими препаратами, или инсулин среднего или длительного действия.');
INSERT INTO illness (id, name, sypthoms, treatment) VALUES (11, 'мочекаменная болезнь', 'Питомец чаще ходит в туалет, причем иногда в неположенных местах. Мочеиспускание происходит в напряженной позе. Находясь в лотке, кошка мяукает от боли, причиняемой камнями. Из-за присутствия кровяных клеток моча становится розовой. Кот дольше, чем обычно, вылизывает себя под хвостом.', 'Купировать болевой эффект; Восстановить мочеиспускание; Снять интоксикацию организма; Провести антибактериальную терапию.');
INSERT INTO illness (id, name, sypthoms, treatment) VALUES (12, 'выпадение прямой кишки', 'Частые позывы к дефекации, болезненные ощущения при дефекации или мочеиспускании, кровотечения слизистых оболочек, активное вылизывание поврежденной области, визуально заметные каловые массы (вне акта дефекации), цвет которых может быть от розовых до черных, в зависимости от давности выделения.', 'Мануальное (ручное) вправление. Ампутация выпавшего участка прямой кишки. Колопексия.');
INSERT INTO illness (id, name, sypthoms, treatment) VALUES (13, 'воспаление параанальных желез', 'Постоянное вылизывание ануса и корня хвоста;  болезненность дефекации, сопровождающаяся жалобным мяуканьем; неуклюжая походка; хвост опущен, прижат к анусу, имеет неопрятный, «сальный» вид; утрачивается аппетит, животное угнетено, не участвует в играх, старается больше лежать; ездит на попе по полу или ковровому покрытию; от кошки дурно пахнет; при осмотре обнаруживают увеличенные железы, которые в норме незаметны.', 'Чистка параанальных желез у кошек Промывание параанальных желёз Удаление желез у котов');
INSERT INTO illness (id, name, sypthoms, treatment) VALUES (14, 'аллергия', 'Покраснение кожи или кожная сыпь различной локализации; зуд, видимые расчесы, облысения, отечность отдельных участков тела; чихание, истечения из носа и/или глаз; шелушение подушечек лап, экземы в межпальцевом пространстве; одышка; рвота; иногда повышение температуры тела; возможны отеки дыхательных путей; анафилактический шок (в очень редких случаях).', 'Изоляция от аллергенов, устранение возникших симптомов и предотвращение появления новых признаков. В зависимости от причины и формы заболевания, может потребоваться корректировка питания и медикаментозная терапия. ');
INSERT INTO illness (id, name, sypthoms, treatment) VALUES (15, 'астма', 'Обеспокоенное поведение, метание из угла в угол; характерная поза при приступе: согнутые лапы, опущена голова, тяжелое дыхание при открытом рте; резкий приступ удушья; надрывный кашель; хрип со свистом; утомленность после приступа, вялость.', 'Основой терапии являются расширяющие препараты в форме аэрозоля и имеющие предназначение купировать приступ; возможно применение гормональных препаратов для лечения воспалительных процессов в дыхательных путях; иногда назначаются препараты-антибиотики; важно применение витаминных комплексов для поддержания иммунитета.');
INSERT INTO illness (id, name, sypthoms, treatment) VALUES (16, 'инсульт', 'Склоненная голова под «странным» углом – чаще всего на какой-то бок. Нарушение координации движения.Атаксия – невозможность кошкой выполнять обычные рутинные свои движения из-за мышечной слабости во всем теле. Перемены в поведении, дезориентация, необъяснимый страх. После инсульта кот становится в прямом смысле нелогичным и необычным. Отмечается замешательство, питомец может избегать хозяев или даже на них бросаться, где-то прятаться от испуга. Может развиваться временная слепота – кошка после инсульта явно будет натыкаться на предметы, падать с предметов (мебель, пороги), не сразу находить миски с едой. Внезапная вялость. Снижение или полная потеря аппетита. Так же вероятны потери сознания при наклонении голову к посуде с едой. Асимметричное изменение размеров зрачков (анизокирия). Непроизвольное мочеиспускание и/или опорожнение кишечника. Резкие тики глазных яблок в бок туда-сюда (нистагм). Внезапная потеря сознания, длящаяся от нескольких секунд до 5-ти минут. У кошки после инсульта могут наблюдаться судороги конечностей и/или их паралич. Затрагивается обычно какая-то одна половина тела. Признаки нарушения дыхания, рвотные позывы, эпилептические судороги.', 'Кордиамин (важно применять в первые 3 дня) – подкожно или в мышцу по 0,1-0,12 мл/кг. Сульфокамфокаин – 0,3-0,5 мл дважды в день внутримышечно. Эуфиллин – 0,1-0,2 мл/кг веса подкожно. Но-Шпа (дротаверин) – по 1/3 таблетки однократно на ночь. Гамавит – подкожно по 2 мл 1-2 раза в день. Катозал – внутримышечно, подкожно или в вену по 0,5-2,5 мл, в зависимости от размеров особи и ее состояния. Тиотриазолин – по ¼ таблетки или 0,5 мл раствора в мышцу кошкам до 3 кг или по ½ таблетки или 1 мл раствора внутримышечно, если тяжелее 3 кг. Дважды в день. Нейромидин 1,5% – внутримышечно по 0,2 мл для особей с весом до 5 кг однократно в сутки. Церебролизин – 0,5-1 мл на животное однократно в день в бедро. Мексидол-Вет – 10-15 мг/кг 1-3 раза в сутки, в зависимости от тяжести состояния. Пирацетам – по 0,5-1 мл внутримышечно однократно в день. Фуросемид – 0,5-1 мг/кг подкожно или внутримышечно. Торасемид – 0,05-0,1 мг/кг однократно в сутки. Лучше использовать фуросемид, т.к. часто к торасемиду кошки не чувствительны. Глюкоза 5% — внутривенно по 15-20 мл раз в день в зависимости от веса животного. Дексаметазон (при тяжелом состоянии) – схема на 8 дней: 2 дня внутримышечно по 0,4 мл, 2 дня – 0,3 мл, 2 дня – 0,2 мл и 2 дня – 0,1 мл один раз в сутки. Пентоксифиллин (строго в стационаре под контролем ветврача) – 4,5-5 мг/кг внутрь в виде таблеток до 3-х раз в сутки или внутримышечно 0,1-0,3 мл на одно животное. Церукал (метоклопрамид) – 0,3-0,7 мг/10 кг веса до 3-х раз в сутки при рвотных позывах.');
ALTER SEQUENCE illness_id_seq RESTART WITH 17;

--история болезней
INSERT INTO medical_history (id, cat_id, illness_id, time_started, time_ended, doctor_id) VALUES (1, 88, 4, '2014-05-03 00:21:07', '2014-05-25 19:10:52', 21);
INSERT INTO medical_history (id, cat_id, illness_id, time_started, time_ended, doctor_id) VALUES (2, 271, 6, '2014-12-29 04:49:41', '2015-03-22 05:42:03', 23);
INSERT INTO medical_history (id, cat_id, illness_id, time_started, time_ended, doctor_id) VALUES (3, 370, 4, '2009-10-23 06:13:42', '2010-08-27 19:08:03', 35);
INSERT INTO medical_history (id, cat_id, illness_id, time_started, time_ended, doctor_id) VALUES (4, 195, 16, '2020-01-05 01:51:15', '2020-09-23 14:15:26', 9);
INSERT INTO medical_history (id, cat_id, illness_id, time_started, time_ended, doctor_id) VALUES (5, 330, 11, '2016-08-07 07:45:31', '2017-07-19 08:09:49', 29);
INSERT INTO medical_history (id, cat_id, illness_id, time_started, time_ended, doctor_id) VALUES (6, 341, 2, '2019-09-22 23:23:46', '2019-10-06 16:41:24', 23);
INSERT INTO medical_history (id, cat_id, illness_id, time_started, time_ended, doctor_id) VALUES (7, 218, 11, '2015-07-05 07:18:31', '2016-03-22 06:16:10', 3);
INSERT INTO medical_history (id, cat_id, illness_id, time_started, time_ended, doctor_id) VALUES (8, 136, 5, '2019-05-24 03:45:44', '2020-02-28 00:23:29', 22);
INSERT INTO medical_history (id, cat_id, illness_id, time_started, time_ended, doctor_id) VALUES (9, 16, 5, '2015-04-06 07:59:36', '2016-03-24 01:21:24', 19);
INSERT INTO medical_history (id, cat_id, illness_id, time_started, time_ended, doctor_id) VALUES (10, 73, 3, '2017-03-07 16:01:09', '2017-08-24 06:43:57', 4);
INSERT INTO medical_history (id, cat_id, illness_id, time_started, time_ended, doctor_id) VALUES (11, 17, 9, '2012-11-28 21:37:36', '2013-09-18 17:33:27', 5);
INSERT INTO medical_history (id, cat_id, illness_id, time_started, time_ended, doctor_id) VALUES (12, 39, 2, '2015-07-24 00:07:57', '2016-07-10 22:09:06', 15);
INSERT INTO medical_history (id, cat_id, illness_id, time_started, time_ended, doctor_id) VALUES (13, 357, 9, '2012-01-10 15:26:27', '2012-04-18 10:45:09', 1);
INSERT INTO medical_history (id, cat_id, illness_id, time_started, time_ended, doctor_id) VALUES (14, 197, 9, '2019-12-10 14:59:17', '2020-05-02 21:28:42', 29);
INSERT INTO medical_history (id, cat_id, illness_id, time_started, time_ended, doctor_id) VALUES (15, 328, 5, '2017-10-15 02:23:08', '2018-08-23 21:55:24', 28);
INSERT INTO medical_history (id, cat_id, illness_id, time_started, time_ended, doctor_id) VALUES (16, 168, 5, '2017-11-26 16:44:06', '2018-04-09 15:46:55', 37);
INSERT INTO medical_history (id, cat_id, illness_id, time_started, time_ended, doctor_id) VALUES (17, 170, 10, '2017-11-25 16:44:31', '2018-09-24 02:03:14', 21);
INSERT INTO medical_history (id, cat_id, illness_id, time_started, time_ended, doctor_id) VALUES (18, 320, 13, '2011-07-04 23:37:55', '2011-08-01 02:04:38', 1);
INSERT INTO medical_history (id, cat_id, illness_id, time_started, time_ended, doctor_id) VALUES (19, 185, 12, '2014-07-20 14:00:02', '2014-09-04 16:59:32', 7);
INSERT INTO medical_history (id, cat_id, illness_id, time_started, time_ended, doctor_id) VALUES (20, 348, 9, '2016-03-20 14:30:43', '2016-07-02 09:41:21', 14);
INSERT INTO medical_history (id, cat_id, illness_id, time_started, time_ended, doctor_id) VALUES (21, 108, 12, '2014-08-16 00:41:29', '2015-08-15 03:35:46', 2);
INSERT INTO medical_history (id, cat_id, illness_id, time_started, time_ended, doctor_id) VALUES (22, 164, 6, '2010-06-02 10:55:59', '2010-08-23 03:20:53', 5);
INSERT INTO medical_history (id, cat_id, illness_id, time_started, time_ended, doctor_id) VALUES (23, 31, 3, '2009-10-03 13:59:29', '2010-05-12 21:36:16', 20);
INSERT INTO medical_history (id, cat_id, illness_id, time_started, time_ended, doctor_id) VALUES (24, 251, 9, '2013-12-02 23:51:56', '2013-12-26 19:58:05', 21);
INSERT INTO medical_history (id, cat_id, illness_id, time_started, time_ended, doctor_id) VALUES (25, 301, 11, '2011-06-05 00:02:16', '2011-10-09 17:29:26', 26);
INSERT INTO medical_history (id, cat_id, illness_id, time_started, time_ended, doctor_id) VALUES (26, 332, 10, '2020-03-31 06:53:31', '2020-09-01 16:01:59', 14);
INSERT INTO medical_history (id, cat_id, illness_id, time_started, time_ended, doctor_id) VALUES (27, 23, 14, '2018-08-22 05:33:07', '2019-01-28 01:22:53', 27);
INSERT INTO medical_history (id, cat_id, illness_id, time_started, time_ended, doctor_id) VALUES (28, 143, 11, '2019-02-28 15:16:34', '2019-06-13 16:03:56', 16);
INSERT INTO medical_history (id, cat_id, illness_id, time_started, time_ended, doctor_id) VALUES (29, 159, 5, '2018-07-01 06:05:44', '2018-11-01 23:15:53', 39);
INSERT INTO medical_history (id, cat_id, illness_id, time_started, time_ended, doctor_id) VALUES (30, 347, 3, '2015-07-05 00:50:27', '2015-08-26 08:14:55', 20);
INSERT INTO medical_history (id, cat_id, illness_id, time_started, time_ended, doctor_id) VALUES (31, 106, 2, '2009-07-17 20:34:22', '2010-05-15 21:13:26', 27);
INSERT INTO medical_history (id, cat_id, illness_id, time_started, time_ended, doctor_id) VALUES (32, 347, 5, '2011-04-15 15:23:16', '2011-07-14 02:00:05', 30);
INSERT INTO medical_history (id, cat_id, illness_id, time_started, time_ended, doctor_id) VALUES (33, 32, 1, '2017-08-22 04:43:13', '2017-09-23 12:35:18', 38);
INSERT INTO medical_history (id, cat_id, illness_id, time_started, time_ended, doctor_id) VALUES (34, 95, 11, '2019-02-19 21:24:12', '2019-08-25 19:12:19', 30);
INSERT INTO medical_history (id, cat_id, illness_id, time_started, time_ended, doctor_id) VALUES (35, 347, 4, '2020-10-31 03:55:51', '2021-07-28 00:38:59', 28);
INSERT INTO medical_history (id, cat_id, illness_id, time_started, time_ended, doctor_id) VALUES (36, 342, 3, '2009-01-07 11:47:36', '2009-09-12 13:46:51', 39);
INSERT INTO medical_history (id, cat_id, illness_id, time_started, time_ended, doctor_id) VALUES (37, 208, 11, '2010-04-27 07:20:04', '2010-06-01 16:12:57', 20);
INSERT INTO medical_history (id, cat_id, illness_id, time_started, time_ended, doctor_id) VALUES (38, 121, 3, '2012-06-18 20:56:25', '2012-11-30 01:58:23', 32);
INSERT INTO medical_history (id, cat_id, illness_id, time_started, time_ended, doctor_id) VALUES (39, 264, 4, '2009-06-18 22:18:59', '2010-03-19 08:17:57', 24);
INSERT INTO medical_history (id, cat_id, illness_id, time_started, time_ended, doctor_id) VALUES (40, 233, 2, '2014-08-31 13:54:38', '2015-03-02 22:22:36', 9);
INSERT INTO medical_history (id, cat_id, illness_id, time_started, time_ended, doctor_id) VALUES (41, 234, 4, '2011-01-15 00:27:18', '2011-09-06 11:38:43', 12);
INSERT INTO medical_history (id, cat_id, illness_id, time_started, time_ended, doctor_id) VALUES (42, 239, 2, '2012-09-10 23:37:29', '2013-07-24 17:24:26', 32);
INSERT INTO medical_history (id, cat_id, illness_id, time_started, time_ended, doctor_id) VALUES (43, 26, 12, '2014-12-31 05:21:01', '2015-09-05 21:28:01', 37);
INSERT INTO medical_history (id, cat_id, illness_id, time_started, time_ended, doctor_id) VALUES (44, 185, 14, '2017-02-27 20:21:05', '2017-06-07 09:34:36', 37);
INSERT INTO medical_history (id, cat_id, illness_id, time_started, time_ended, doctor_id) VALUES (45, 37, 16, '2010-05-23 18:05:01', '2011-04-20 23:47:50', 3);
INSERT INTO medical_history (id, cat_id, illness_id, time_started, time_ended, doctor_id) VALUES (46, 263, 4, '2019-02-17 13:04:34', '2019-12-27 23:03:00', 17);
INSERT INTO medical_history (id, cat_id, illness_id, time_started, time_ended, doctor_id) VALUES (47, 102, 8, '2017-08-24 03:44:04', '2018-05-06 07:35:04', 12);
INSERT INTO medical_history (id, cat_id, illness_id, time_started, time_ended, doctor_id) VALUES (48, 14, 6, '2017-05-26 12:22:17', '2017-07-13 13:38:57', 5);
INSERT INTO medical_history (id, cat_id, illness_id, time_started, time_ended, doctor_id) VALUES (49, 273, 1, '2015-10-25 05:35:04', '2016-09-20 13:40:58', 36);
INSERT INTO medical_history (id, cat_id, illness_id, time_started, time_ended, doctor_id) VALUES (50, 267, 11, '2012-08-11 07:57:04', '2013-03-27 14:10:32', 10);
INSERT INTO medical_history (id, cat_id, illness_id, time_started, time_ended, doctor_id) VALUES (51, 170, 13, '2016-06-11 12:04:55', '2016-06-29 01:09:26', 33);
INSERT INTO medical_history (id, cat_id, illness_id, time_started, time_ended, doctor_id) VALUES (52, 287, 1, '2019-06-03 21:54:51', '2019-06-10 16:11:05', 23);
INSERT INTO medical_history (id, cat_id, illness_id, time_started, time_ended, doctor_id) VALUES (53, 239, 3, '2013-02-12 14:41:32', '2013-03-31 03:02:17', 1);
INSERT INTO medical_history (id, cat_id, illness_id, time_started, time_ended, doctor_id) VALUES (54, 78, 1, '2014-09-05 19:45:50', '2015-06-25 03:22:12', 27);
INSERT INTO medical_history (id, cat_id, illness_id, time_started, time_ended, doctor_id) VALUES (55, 316, 7, '2011-01-23 10:36:19', '2011-09-03 01:54:57', 23);
INSERT INTO medical_history (id, cat_id, illness_id, time_started, time_ended, doctor_id) VALUES (56, 165, 13, '2019-06-25 09:18:38', '2020-02-19 00:23:33', 26);
INSERT INTO medical_history (id, cat_id, illness_id, time_started, time_ended, doctor_id) VALUES (57, 260, 4, '2016-02-19 22:07:44', '2016-11-03 13:29:26', 21);
INSERT INTO medical_history (id, cat_id, illness_id, time_started, time_ended, doctor_id) VALUES (58, 192, 16, '2011-01-24 05:43:22', '2011-11-19 10:48:33', 3);
INSERT INTO medical_history (id, cat_id, illness_id, time_started, time_ended, doctor_id) VALUES (59, 42, 11, '2019-07-01 06:33:38', '2020-02-03 14:52:57', 38);
INSERT INTO medical_history (id, cat_id, illness_id, time_started, time_ended, doctor_id) VALUES (60, 285, 15, '2018-04-28 19:57:16', '2018-08-04 03:32:28', 4);
INSERT INTO medical_history (id, cat_id, illness_id, time_started, time_ended, doctor_id) VALUES (61, 117, 1, '2016-12-12 09:20:15', '2017-07-27 21:22:44', 28);
INSERT INTO medical_history (id, cat_id, illness_id, time_started, time_ended, doctor_id) VALUES (62, 128, 10, '2018-12-15 23:33:51', '2019-03-30 04:49:20', 7);
INSERT INTO medical_history (id, cat_id, illness_id, time_started, time_ended, doctor_id) VALUES (63, 162, 10, '2019-05-09 13:57:56', '2019-11-17 19:09:36', 17);
INSERT INTO medical_history (id, cat_id, illness_id, time_started, time_ended, doctor_id) VALUES (64, 236, 1, '2019-07-11 08:16:39', '2019-07-17 07:52:58', 38);
INSERT INTO medical_history (id, cat_id, illness_id, time_started, time_ended, doctor_id) VALUES (65, 189, 12, '2013-12-17 05:54:24', '2014-01-19 00:08:58', 27);
INSERT INTO medical_history (id, cat_id, illness_id, time_started, time_ended, doctor_id) VALUES (66, 157, 7, '2009-02-16 10:02:00', '2009-12-05 23:54:10', 27);
INSERT INTO medical_history (id, cat_id, illness_id, time_started, time_ended, doctor_id) VALUES (67, 366, 9, '2014-08-29 22:27:00', '2015-01-26 11:11:01', 15);
INSERT INTO medical_history (id, cat_id, illness_id, time_started, time_ended, doctor_id) VALUES (68, 205, 3, '2014-02-10 18:28:33', '2015-01-12 01:29:01', 33);
INSERT INTO medical_history (id, cat_id, illness_id, time_started, time_ended, doctor_id) VALUES (69, 329, 3, '2018-03-13 12:11:44', '2018-07-17 00:39:45', 37);
INSERT INTO medical_history (id, cat_id, illness_id, time_started, time_ended, doctor_id) VALUES (70, 189, 16, '2013-12-25 15:19:04', '2014-03-26 05:23:29', 24);
INSERT INTO medical_history (id, cat_id, illness_id, time_started, time_ended, doctor_id) VALUES (71, 51, 16, '2011-03-17 03:50:54', '2011-12-13 13:01:55', 10);
INSERT INTO medical_history (id, cat_id, illness_id, time_started, time_ended, doctor_id) VALUES (72, 118, 14, '2013-11-09 02:12:59', '2014-08-17 12:28:20', 13);
INSERT INTO medical_history (id, cat_id, illness_id, time_started, time_ended, doctor_id) VALUES (73, 252, 13, '2009-03-01 15:27:32', '2009-07-12 02:54:48', 3);
INSERT INTO medical_history (id, cat_id, illness_id, time_started, time_ended, doctor_id) VALUES (74, 205, 10, '2013-09-11 17:41:07', '2013-12-05 14:44:59', 25);
INSERT INTO medical_history (id, cat_id, illness_id, time_started, time_ended, doctor_id) VALUES (75, 172, 7, '2017-01-16 17:52:39', '2017-09-25 07:10:00', 29);
INSERT INTO medical_history (id, cat_id, illness_id, time_started, time_ended, doctor_id) VALUES (76, 344, 2, '2016-01-26 14:22:11', '2017-01-15 22:40:42', 9);
INSERT INTO medical_history (id, cat_id, illness_id, time_started, time_ended, doctor_id) VALUES (77, 112, 8, '2011-08-12 07:54:19', '2011-11-14 12:18:12', 33);
INSERT INTO medical_history (id, cat_id, illness_id, time_started, time_ended, doctor_id) VALUES (78, 273, 16, '2017-02-21 09:32:01', '2018-02-19 16:22:49', 16);
INSERT INTO medical_history (id, cat_id, illness_id, time_started, time_ended, doctor_id) VALUES (79, 158, 3, '2012-06-01 23:53:50', '2012-10-20 20:45:30', 14);
INSERT INTO medical_history (id, cat_id, illness_id, time_started, time_ended, doctor_id) VALUES (80, 252, 1, '2011-03-25 06:36:27', '2011-10-26 10:10:02', 38);
INSERT INTO medical_history (id, cat_id, illness_id, time_started, time_ended, doctor_id) VALUES (81, 27, 4, '2020-02-28 19:31:49', '2020-03-12 05:46:58', 36);
INSERT INTO medical_history (id, cat_id, illness_id, time_started, time_ended, doctor_id) VALUES (82, 20, 13, '2019-06-20 10:20:37', '2020-01-09 04:33:23', 24);
INSERT INTO medical_history (id, cat_id, illness_id, time_started, time_ended, doctor_id) VALUES (83, 179, 4, '2014-03-21 19:08:17', '2014-09-05 06:23:35', 38);
INSERT INTO medical_history (id, cat_id, illness_id, time_started, time_ended, doctor_id) VALUES (84, 367, 16, '2010-03-27 23:58:21', '2010-08-10 05:43:05', 38);
INSERT INTO medical_history (id, cat_id, illness_id, time_started, time_ended, doctor_id) VALUES (85, 150, 11, '2016-02-10 05:01:31', '2016-08-08 11:30:41', 17);
INSERT INTO medical_history (id, cat_id, illness_id, time_started, time_ended, doctor_id) VALUES (86, 244, 4, '2020-01-15 01:28:14', '2020-03-04 17:28:51', 3);
INSERT INTO medical_history (id, cat_id, illness_id, time_started, time_ended, doctor_id) VALUES (87, 39, 5, '2013-07-14 12:02:45', '2014-07-06 12:12:39', 8);
INSERT INTO medical_history (id, cat_id, illness_id, time_started, time_ended, doctor_id) VALUES (88, 346, 12, '2015-02-09 12:11:31', '2015-04-08 16:25:05', 1);
INSERT INTO medical_history (id, cat_id, illness_id, time_started, time_ended, doctor_id) VALUES (89, 122, 16, '2020-07-23 00:40:02', '2021-07-02 07:10:08', 5);
INSERT INTO medical_history (id, cat_id, illness_id, time_started, time_ended, doctor_id) VALUES (90, 6, 5, '2017-01-01 16:59:54', '2017-05-27 21:40:44', 36);
INSERT INTO medical_history (id, cat_id, illness_id, time_started, time_ended, doctor_id) VALUES (91, 250, 9, '2015-02-19 04:44:04', '2015-07-31 09:14:36', 32);
INSERT INTO medical_history (id, cat_id, illness_id, time_started, time_ended, doctor_id) VALUES (92, 242, 7, '2018-12-19 08:49:00', '2019-11-12 13:29:42', 38);
INSERT INTO medical_history (id, cat_id, illness_id, time_started, time_ended, doctor_id) VALUES (93, 221, 3, '2012-08-04 15:14:06', '2012-08-09 14:17:10', 22);
INSERT INTO medical_history (id, cat_id, illness_id, time_started, time_ended, doctor_id) VALUES (94, 81, 15, '2013-08-27 23:06:15', '2014-07-14 11:51:24', 38);
INSERT INTO medical_history (id, cat_id, illness_id, time_started, time_ended, doctor_id) VALUES (95, 282, 1, '2015-06-03 13:01:24', '2015-08-27 09:39:10', 3);
INSERT INTO medical_history (id, cat_id, illness_id, time_started, time_ended, doctor_id) VALUES (96, 5, 11, '2011-11-30 23:22:45', '2012-10-09 01:10:16', 8);
INSERT INTO medical_history (id, cat_id, illness_id, time_started, time_ended, doctor_id) VALUES (97, 349, 6, '2015-09-23 05:31:09', '2016-02-02 10:16:30', 32);
INSERT INTO medical_history (id, cat_id, illness_id, time_started, time_ended, doctor_id) VALUES (98, 194, 2, '2014-07-22 15:37:26', '2015-06-11 08:53:42', 29);
INSERT INTO medical_history (id, cat_id, illness_id, time_started, time_ended, doctor_id) VALUES (99, 237, 2, '2014-04-04 09:31:36', '2014-08-02 17:25:26', 18);
INSERT INTO medical_history (id, cat_id, illness_id, time_started, time_ended, doctor_id) VALUES (100, 328, 10, '2018-02-01 20:36:17', '2018-05-24 17:55:37', 7);
INSERT INTO medical_history (id, cat_id, illness_id, time_started, time_ended, doctor_id) VALUES (101, 129, 11, '2009-07-26 19:53:17', '2009-09-18 06:41:08', 12);
INSERT INTO medical_history (id, cat_id, illness_id, time_started, time_ended, doctor_id) VALUES (102, 56, 3, '2019-09-25 22:45:28', '2019-11-02 20:08:37', 21);
INSERT INTO medical_history (id, cat_id, illness_id, time_started, time_ended, doctor_id) VALUES (103, 84, 14, '2010-09-03 07:49:16', '2011-08-05 02:00:04', 10);
INSERT INTO medical_history (id, cat_id, illness_id, time_started, time_ended, doctor_id) VALUES (104, 106, 12, '2013-06-12 00:53:07', '2013-06-16 11:36:55', 38);
INSERT INTO medical_history (id, cat_id, illness_id, time_started, time_ended, doctor_id) VALUES (105, 205, 3, '2009-01-19 19:52:05', '2009-11-17 00:09:07', 30);
INSERT INTO medical_history (id, cat_id, illness_id, time_started, time_ended, doctor_id) VALUES (106, 246, 12, '2017-07-26 15:57:13', '2017-08-04 09:03:55', 11);
INSERT INTO medical_history (id, cat_id, illness_id, time_started, time_ended, doctor_id) VALUES (107, 335, 11, '2018-09-25 22:00:29', '2018-11-03 20:38:45', 27);
INSERT INTO medical_history (id, cat_id, illness_id, time_started, time_ended, doctor_id) VALUES (108, 371, 5, '2011-05-12 07:56:29', '2011-12-27 02:55:55', 13);
INSERT INTO medical_history (id, cat_id, illness_id, time_started, time_ended, doctor_id) VALUES (109, 40, 10, '2009-11-03 06:33:54', '2010-09-24 15:53:44', 11);
INSERT INTO medical_history (id, cat_id, illness_id, time_started, time_ended, doctor_id) VALUES (110, 108, 8, '2020-01-30 20:37:11', '2020-12-03 05:25:56', 3);
INSERT INTO medical_history (id, cat_id, illness_id, time_started, time_ended, doctor_id) VALUES (111, 220, 16, '2011-06-19 19:10:13', '2011-11-09 07:11:02', 1);
INSERT INTO medical_history (id, cat_id, illness_id, time_started, time_ended, doctor_id) VALUES (112, 244, 14, '2020-09-09 23:53:55', '2021-02-20 04:23:26', 36);
INSERT INTO medical_history (id, cat_id, illness_id, time_started, time_ended, doctor_id) VALUES (113, 139, 6, '2009-12-01 08:14:41', '2010-01-07 20:55:03', 22);
INSERT INTO medical_history (id, cat_id, illness_id, time_started, time_ended, doctor_id) VALUES (114, 356, 16, '2015-10-05 23:50:23', '2016-09-20 19:06:05', 12);
INSERT INTO medical_history (id, cat_id, illness_id, time_started, time_ended, doctor_id) VALUES (115, 255, 11, '2016-01-28 03:22:43', '2016-12-09 09:54:00', 23);
INSERT INTO medical_history (id, cat_id, illness_id, time_started, time_ended, doctor_id) VALUES (116, 282, 4, '2012-08-02 04:20:27', '2013-01-09 02:17:45', 6);
INSERT INTO medical_history (id, cat_id, illness_id, time_started, time_ended, doctor_id) VALUES (117, 94, 3, '2019-12-01 07:04:41', '2020-10-02 13:48:15', 3);
INSERT INTO medical_history (id, cat_id, illness_id, time_started, time_ended, doctor_id) VALUES (118, 327, 16, '2019-04-19 23:24:53', '2020-01-10 14:35:07', 6);
INSERT INTO medical_history (id, cat_id, illness_id, time_started, time_ended, doctor_id) VALUES (119, 255, 16, '2018-12-27 15:00:56', '2019-10-15 12:49:01', 38);
INSERT INTO medical_history (id, cat_id, illness_id, time_started, time_ended, doctor_id) VALUES (120, 275, 9, '2016-12-19 07:09:40', '2017-07-23 04:07:10', 6);
INSERT INTO medical_history (id, cat_id, illness_id, time_started, time_ended, doctor_id) VALUES (121, 36, 14, '2019-08-17 00:35:29', '2020-01-08 03:50:46', 39);
INSERT INTO medical_history (id, cat_id, illness_id, time_started, time_ended, doctor_id) VALUES (122, 179, 3, '2018-12-01 17:15:26', '2019-11-03 23:15:39', 31);
INSERT INTO medical_history (id, cat_id, illness_id, time_started, time_ended, doctor_id) VALUES (123, 1, 3, '2015-08-05 03:18:35', '2015-10-22 10:17:44', 36);
INSERT INTO medical_history (id, cat_id, illness_id, time_started, time_ended, doctor_id) VALUES (124, 208, 1, '2009-09-11 01:23:06', '2010-08-17 03:54:26', 8);
INSERT INTO medical_history (id, cat_id, illness_id, time_started, time_ended, doctor_id) VALUES (125, 107, 9, '2009-11-14 18:26:58', '2010-02-01 11:21:51', 4);
INSERT INTO medical_history (id, cat_id, illness_id, time_started, time_ended, doctor_id) VALUES (126, 214, 1, '2017-08-16 22:30:47', '2017-11-20 16:40:17', 7);
INSERT INTO medical_history (id, cat_id, illness_id, time_started, time_ended, doctor_id) VALUES (127, 165, 12, '2015-10-01 07:01:01', '2015-12-27 01:59:41', 17);
INSERT INTO medical_history (id, cat_id, illness_id, time_started, time_ended, doctor_id) VALUES (128, 254, 3, '2014-07-14 12:50:24', '2014-12-16 04:23:45', 2);
INSERT INTO medical_history (id, cat_id, illness_id, time_started, time_ended, doctor_id) VALUES (129, 27, 3, '2008-10-04 02:48:42', '2009-04-23 06:33:23', 5);
INSERT INTO medical_history (id, cat_id, illness_id, time_started, time_ended, doctor_id) VALUES (130, 339, 8, '2009-03-07 11:06:31', '2010-01-15 15:11:40', 13);
INSERT INTO medical_history (id, cat_id, illness_id, time_started, time_ended, doctor_id) VALUES (131, 314, 2, '2020-09-06 02:56:15', '2021-06-01 02:05:00', 4);
INSERT INTO medical_history (id, cat_id, illness_id, time_started, time_ended, doctor_id) VALUES (132, 260, 13, '2017-05-31 17:37:56', '2018-02-03 19:37:00', 5);
INSERT INTO medical_history (id, cat_id, illness_id, time_started, time_ended, doctor_id) VALUES (133, 363, 16, '2011-12-17 22:16:09', '2012-08-15 08:28:14', 34);
INSERT INTO medical_history (id, cat_id, illness_id, time_started, time_ended, doctor_id) VALUES (134, 75, 3, '2013-08-19 12:58:24', '2014-07-12 02:27:17', 18);
INSERT INTO medical_history (id, cat_id, illness_id, time_started, time_ended, doctor_id) VALUES (135, 89, 3, '2013-08-11 00:25:37', '2014-06-05 05:41:01', 14);
INSERT INTO medical_history (id, cat_id, illness_id, time_started, time_ended, doctor_id) VALUES (136, 274, 15, '2015-04-20 04:08:20', '2015-07-21 16:47:40', 10);
ALTER SEQUENCE medical_history_id_seq RESTART WITH 137;
